-- phpMyAdmin SQL Dump
-- version 5.1.0
-- https://www.phpmyadmin.net/
--
-- Host: 127.0.0.1
-- Generation Time: Apr 13, 2021 at 10:57 AM
-- Server version: 10.4.18-MariaDB
-- PHP Version: 7.3.27

SET SQL_MODE = "NO_AUTO_VALUE_ON_ZERO";
START TRANSACTION;
SET time_zone = "+00:00";


/*!40101 SET @OLD_CHARACTER_SET_CLIENT=@@CHARACTER_SET_CLIENT */;
/*!40101 SET @OLD_CHARACTER_SET_RESULTS=@@CHARACTER_SET_RESULTS */;
/*!40101 SET @OLD_COLLATION_CONNECTION=@@COLLATION_CONNECTION */;
/*!40101 SET NAMES utf8mb4 */;

--
-- Database: `project_spa`
--

-- --------------------------------------------------------

--
-- Table structure for table `bill_of_materials`
--

CREATE TABLE `bill_of_materials` (
  `produk_id` bigint(20) UNSIGNED NOT NULL,
  `part_id` varchar(255) COLLATE utf8mb4_unicode_ci NOT NULL,
  `kode_eng` varchar(100) COLLATE utf8mb4_unicode_ci NOT NULL,
  `nama` varchar(255) COLLATE utf8mb4_unicode_ci NOT NULL,
  `jumlah` int(11) NOT NULL,
  `satuan` varchar(50) COLLATE utf8mb4_unicode_ci NOT NULL,
  `created_at` timestamp NULL DEFAULT NULL,
  `updated_at` timestamp NULL DEFAULT NULL
) ENGINE=InnoDB DEFAULT CHARSET=utf8mb4 COLLATE=utf8mb4_unicode_ci;

--
-- Dumping data for table `bill_of_materials`
--

INSERT INTO `bill_of_materials` (`produk_id`, `part_id`, `kode_eng`, `nama`, `jumlah`, `satuan`, `created_at`, `updated_at`) VALUES
(1, 'SPCN01C0001', 'A10100101', 'TOP CHASING', 1, 'Pcs', NULL, NULL),
(1, 'SPCN01C0002', 'B10100101', 'BOTTOM CHASING', 1, 'Pcs', NULL, NULL),
(1, 'SPCN00C0001', 'A10100103', 'CABLE FIXER', 1, 'Pcs', NULL, NULL),
(1, 'SPCN01C0002a', 'A10100104', 'COMPRESSOR', 1, 'Pcs', NULL, NULL),
(1, 'SPCN01S0003', 'A10100105', 'SPRING (LONG)', 4, 'Pcs', NULL, NULL),
(1, 'SPCN01S0003', 'A10100106', 'SPRING (TALL)', 1, 'Pcs', NULL, NULL),
(1, 'SPCN01K0008', 'A10100103', 'SQUARE CHUSION', 4, 'Pcs', NULL, NULL),
(1, 'SPCN01K0009', 'A10100102', 'ROUND CHUSION', 2, 'Pcs', NULL, NULL),
(1, 'SPCN01S0007', 'B10100105', 'POWER SWITCH ', 1, 'Pcs', NULL, NULL),
(1, 'SPCN01K0010', 'B10100102', 'POWER CABLE', 1, 'Pcs', NULL, NULL),
(1, 'SPCN01G0001', 'C10100103', 'CUTTON FILTER', 4, 'Pcs', NULL, NULL),
(1, 'SPCN01F0001', 'B10100104', 'FUSE 2A', 1, 'Pcs', NULL, NULL),
(1, 'SPCN01T0001', 'C10100104', 'BAG', 1, 'Pcs', NULL, NULL),
(1, 'SPCN01C0009', 'C10100101', 'CHILD MASK', 1, 'Set', NULL, NULL),
(1, 'SPCN01A0001', 'C10100102', 'ADULT MASK', 1, 'Set', NULL, NULL),
(1, 'SPCN00S0001', 'S012030120250080', 'PAN HEAD SCREW ST2.5 X 8 mm', 2, 'Pcs', NULL, NULL),
(1, 'SPCN00S0002', 'S012030120350125', 'PAN HEAD SCREW ST3.5 X 12.5 mm', 6, 'Pcs', NULL, NULL),
(1, 'SPCN00K0001', 'S095010200100', 'KABEL TIES 2 X 100mm', 2, 'Pcs', NULL, NULL),
(1, 'SPCN01S0009', 'Z10100123', 'SERIAL NUMBER', 1, 'Pcs', NULL, NULL),
(1, 'SPCN01S0005', 'Z10100120', 'STICKER BACK KOMPRESOR', 1, 'Pcs', NULL, NULL),
(1, 'SPCN01S0006', 'Z10100121', 'STICKER ELITECH OVAL', 1, 'Pcs', NULL, NULL),
(1, 'SPCN01P0002', 'C10100105', 'PACKING FOAM', 2, 'Pcs', NULL, NULL),
(1, 'SPCN01O0001', 'C10100106', 'OUTER', 1, 'Pcs', NULL, NULL),
(1, 'SPCN01B0002', 'C10100107', 'MANUAL BOOK (ENG)', 1, 'Pcs', NULL, NULL),
(1, 'SPCN01B0003', 'C10100109', 'MANUAL BOOK (IND)', 1, 'Pcs', NULL, NULL),
(1, 'SPCN01P0002', 'C10100108', 'SHORT GUIDE (ENG)', 1, 'Pcs', NULL, NULL),
(1, 'SPBP00K0002', 'S1301', 'WARRANTEE CARD (KARTU GARANSI)', 1, 'Pcs', NULL, NULL),
(1, 'SPBP00S0001', 'S1401', 'WARRANTEE SEAL (STIKER SEGEL GARANSI)', 1, 'Pcs', NULL, NULL),
(1, 'SPBP00S0002', 'S1501', 'PRODUCTION SEAL (STIKER SEGEL PRODUKSI)', 1, 'Pcs', NULL, NULL),
(1, 'SPBP00P0002', 'S2001', 'PLASTIK 11 X 17 (KARTU GARANSI ALL PRODUK)', 1, 'Pcs', NULL, NULL),
(2, 'SPCN02U0001', 'A10100201', 'TOP CHASING', 1, 'Pcs', NULL, NULL),
(2, 'SPCN02U0002', 'A10100202', 'TOP COVER', 1, 'Pcs', NULL, NULL),
(2, 'SPCN02A0002', 'A10100203', 'NIPPLE AIR IN', 1, 'Pcs', NULL, NULL),
(2, 'SPCN02A0003', 'A10100204', 'NIPPLE AIR OUT', 1, 'Pcs', NULL, NULL),
(2, 'SPCN02A0004', 'A10100205', 'NIPPLE HOLDER', 1, 'Pcs', NULL, NULL),
(2, 'SPCN02C0004', 'A10100208', 'COMPRESSOR', 1, 'Pcs', NULL, NULL),
(2, 'SPCN02L0002', 'B10100201', 'BOTTOM CHASING', 1, 'Pcs', NULL, NULL),
(2, 'SPCN02P0002', 'B10100202', 'SWITCH POWER', 1, 'Pcs', NULL, NULL),
(2, 'SPCN02C0002', 'B10100203', 'POWER CABLE CLAMP (PLASTIC)', 1, 'Pcs', NULL, NULL),
(2, 'SPCN02P0001', 'B10100204', 'POWER CABLE', 1, 'Pcs', NULL, NULL),
(2, 'SPCN02S0001', 'B10100206', 'FUSE HOLDER', 1, 'Pcs', NULL, NULL),
(2, 'SPCN02F0003', 'C10100201', 'FUSE  2A', 2, 'Pcs', NULL, NULL),
(2, 'SPCN02A0001', 'C10100203', 'ADULT MASK', 1, 'Set', NULL, NULL),
(2, 'SPCN02C0003', 'C10100204', 'CHILD MASK', 1, 'Set', NULL, NULL),
(2, 'SPCN00T0001', 'C10100205', 'BAG', 1, 'Pcs', NULL, NULL),
(2, 'SPCN02L0001', 'S2102', 'LASDOP M7 X 22 mm', 1, 'Pcs', NULL, NULL),
(2, 'SPCN02U0003', 'C10100206', 'MANUAL BOOK (ENG)', 1, 'Pcs', NULL, NULL),
(2, 'SPCN02F0002', 'C10100208', 'PACKING FOAM', 1, 'Set', NULL, NULL),
(2, 'SPCN01O0001', 'C10100209', 'OUTER ', 1, 'Pcs', NULL, NULL),
(2, 'SPCN02S0002', 'C10100210', 'SERIAL NUMBER', 1, 'Pcs', NULL, NULL),
(2, 'SPBP00K0002', 'S1301', 'WARRANTEE CARD (KARTU GARANSI)', 1, 'Pcs', NULL, NULL),
(2, 'SPBP00S0001', 'S1401', 'WARRANTEE SEAL (STIKER SEGEL GARANSI)', 1, 'Pcs', NULL, NULL),
(2, 'SPBP00S0002', 'S1501', 'PRODUCTION SEAL (STIKER SEGEL PRODUKSI)', 1, 'Pcs', NULL, NULL),
(2, 'SPBP00P0002', 'S2001', 'PLASTIK 11 X 17 (KARTU GARANSI ALL PRODUK)', 1, 'Pcs', NULL, NULL),
(3, 'SPCN03B0001', 'A10100301', 'BOTTOM CHASING', 1, 'Pcs', NULL, NULL),
(3, 'SPCN03U0001', 'B10100301', 'TOP CHASING', 1, 'Pcs', NULL, NULL),
(3, 'SPCN03P0009', 'A10100302', 'ROUND CUSHION', 2, 'Pcs', NULL, NULL),
(3, 'SPCN03P0010', 'A10100303', 'SQUARE CUSHION (BIG)', 2, 'Pcs', NULL, NULL),
(3, 'SPCN03P0011', 'A10100304', 'SQUARE CUSHION (SMALL)', 2, 'Pcs', NULL, NULL),
(3, 'SPCN03F0004', 'A10100305', 'FUSE HOLDER', 1, 'Pcs', NULL, NULL),
(3, 'SPCN03T0001', 'A10100306', 'FUSE HOLDER COVER', 1, 'Pcs', NULL, NULL),
(3, 'SPCN03S0003', 'A10100307', 'POWER CABLE SOCKET', 1, 'Pcs', NULL, NULL),
(3, 'SPCN03S0004', 'A10100308', 'SWITCH POWER', 1, 'Pcs', NULL, NULL),
(3, 'SPCN03C0005', 'A10100309', 'CONNECTOR CABLE BLACK', 1, 'Pcs', NULL, NULL),
(3, 'SPCN03C0003', 'A10100310', 'CONNECTOR CABLE RED(LONG)', 1, 'Pcs', NULL, NULL),
(3, 'SPCN03C0004', 'A10100311', 'CONNECTOR CABLE RED (SHORT)', 1, 'Pcs', NULL, NULL),
(3, 'SPCN03A0001', 'A10100312', 'COMPRESSOR', 1, 'Pcs', NULL, NULL),
(3, 'SPCN03C0002', 'A10100313', 'CABLE CLAMP', 2, 'Pcs', NULL, NULL),
(3, 'SPCN03P0007', 'A10100314', 'AIR OUTLET PANEL', 1, 'Pcs', NULL, NULL),
(3, 'SPCN03I0001', 'A10100315', 'SPRING (TALL)', 1, 'Pcs', NULL, NULL),
(3, 'SPCN03O0001', 'A10100316', 'SPRING (LONG)', 1, 'Pcs', NULL, NULL),
(3, 'SPCN03S0002', 'A10100317', 'SILICONE TUBE (TALL)', 1, 'Pcs', NULL, NULL),
(3, 'SPCN03S0001', 'A10100318', 'SILICONE TUBE (LONG)', 1, 'Pcs', NULL, NULL),
(3, 'SPCN03R0002', 'A10100319', 'FOOT PAD', 4, 'Pcs', NULL, NULL),
(3, 'SPCN03F0002', 'A10100320', 'FILTER COVER', 1, 'Pcs', NULL, NULL),
(3, 'SPCN03U0003', 'B10100302', 'COMPRESSOR HOLDER', 1, 'Pcs', NULL, NULL),
(3, 'SPCN03B0002', 'B10100303', 'HANDLE', 1, 'Pcs', NULL, NULL),
(3, 'SPCN03N0001', 'C10100301', 'NEBULIZER MASK (CHLD & ADULT)', 1, 'Set', NULL, NULL),
(3, 'SPCN03P0008', 'C10100305', 'POWER CABLE', 1, 'Pcs', NULL, NULL),
(3, 'SPCN03F0003', 'C10100306', 'FUSE 3A', 3, 'Pcs', NULL, NULL),
(3, 'SPCN03F0001', 'C10100307', 'CUTTON FILTER', 4, 'Pcs', NULL, NULL),
(3, 'SPCN03SC005', 'S011040120400180', 'TRUSS HEAD SCREW (2)\r\nST4 X 18 mm', 6, 'Pcs', NULL, NULL),
(3, 'SPCN03SC004', 'S011040120400200', 'TRUSS HEAD SCREW (2)ST4 X 20 mm', 4, 'Pcs', NULL, NULL),
(3, 'SPCN03SC003', 'S011030120350120', 'PAN HEAD SCREW     (2)ST3.5 X 12 mm', 2, 'Pcs', NULL, NULL),
(3, 'SPCN03SC002', 'S011060120300075', 'PAN WASHER HEAD (2)\r\nST3 X 7.5 mm', 2, 'Pcs', NULL, NULL),
(3, 'SPCN03R0001', 'S03401130165010', 'FLAT WASHER \r\nM13 X 16.5 mm \r\n(Plastic)', 1, 'Pcs', NULL, NULL),
(3, 'SPCN03M0001', 'S04202115160030', 'JAM NUT\r\nM11.5 X 16 mm', 1, 'Pcs', NULL, NULL),
(3, 'SPCN03C0001', 'S095010250100', 'KABEL TIE\r\n2 X 100 mm', 4, 'Pcs', NULL, NULL),
(3, 'SPCN03B0003', 'C10100303', 'MANUAL BOOK (IND)', 1, 'Pcs', NULL, NULL),
(3, 'SPCN03P0001', 'C10100304', 'PACKING FOAM (SIDE)', 2, 'Pcs', NULL, NULL),
(3, 'SPCN03O0002', 'C10100309', 'OUTER NEBULIZER NEW (COKLAT)', 1, 'Pcs', NULL, NULL),
(3, 'SPBP00K0002', 'S1301', 'WARRANTEE CARD (KARTU GARANSI)', 1, 'Pcs', NULL, NULL),
(3, 'SPBP00S0001', 'S1401', 'WARRANTEE SEAL (STIKER SEGEL GARANSI)', 1, 'Pcs', NULL, NULL),
(3, 'SPBP00S0002', 'S1501', 'PRODUCTION SEAL (STIKER SEGEL PRODUKSI)', 1, 'Pcs', NULL, NULL),
(3, 'SPBP00P0002', 'S2001', 'PLASTIK 11 X 17 (KARTU GARANSI ALL PRODUK)', 1, 'Pcs', NULL, NULL),
(4, 'SPTD05C0001', 'C10160401', 'TOP CASSING', 1, 'Pcs', NULL, NULL),
(4, 'SPTD05C0002', 'B10161001', 'BOTTOM CASSING', 1, 'Pcs', NULL, NULL),
(4, 'SPTD05K0005', 'A10161009', 'GLASS SCALES COVER (BROWN)', 1, 'Pcs', NULL, NULL),
(4, 'SPTD05K0004', 'A10161010', 'GLASS SCALES COVER (GREEN)', 1, 'Pcs', NULL, NULL),
(4, 'SPTD05K0007', 'A10161011', 'GLASS SCALES COVER (PURPLE)', 1, 'Pcs', NULL, NULL),
(4, 'SPTD05K0006', 'A10161012', 'GLASS SCALES COVER (WHITE)', 1, 'Pcs', NULL, NULL),
(4, 'SPTD05L0002', 'A10161001', 'LCD  ', 1, 'Pcs', NULL, NULL),
(4, 'SPTD05L0001', 'B10161002', 'LCD BACKLIGHT', 1, 'Pcs', NULL, NULL),
(4, 'SPTD05P0001', 'A10161002', 'MAINBOARD', 1, 'Pcs', NULL, NULL),
(4, 'SPTD05P0002', 'A10161003', 'CONTROL PANEL BOARD', 1, 'Pcs', NULL, NULL),
(4, 'SPTD05M0001', 'B10161003', 'METAL ELECTRODE', 2, 'Pcs', NULL, NULL),
(4, 'SPTD00S0001', 'C10160403', 'LOAD CELL (TOP)', 2, 'Pcs', NULL, NULL),
(4, 'SPTD00S0001', 'C10160404', 'LOAD CELL (BOTTOM)', 2, 'Pcs', NULL, NULL),
(4, 'SPTD05S0002', 'B10161004', 'SPRING FOR METAL ELECTRODE', 2, 'Pcs', NULL, NULL),
(4, 'SPTD05K0003a', 'B10161005', 'CABLE FOR SPRING 15cm', 1, 'Pcs', NULL, NULL),
(4, 'SPTD00S0006', 'C10160405', 'PIN BATTERY (- & +)', 1, 'Pcs', NULL, NULL),
(4, 'SPTD00S0004', 'C10160406', 'PIN BATTERY (-)', 1, 'Pcs', NULL, NULL),
(4, 'SPTD00S0005', 'C10160407', 'PIN BATTERY (+)', 1, 'Pcs', NULL, NULL),
(4, 'SPTD05K0002', 'C10160408', 'CABLE FOR PIN BATTERY (SHORT) 15cm', 2, 'Pcs', NULL, NULL),
(4, 'SPTD05K0003', 'C10160409', 'CABLE FOR PIN BATTERY (LONG) 25cm', 2, 'Pcs', NULL, NULL),
(4, 'SPTD05K0003', 'C10160410', 'CABLE FOR SWITCH 25cm', 2, 'Pcs', NULL, NULL),
(4, 'SPTD05T0001', 'C10160411', 'SWITCH BUTTON', 1, 'Pcs', NULL, NULL),
(4, 'SPTD05T0002', 'C10160414', 'BATTERY COVER', 1, 'Pcs', NULL, NULL),
(4, 'SPTD00K0001', 'C10160412', 'LOAD CELL COIN', 1, 'Pcs', NULL, NULL),
(4, 'SPTD00S0003', 'C10160413', 'FOOTPAD', 4, 'Pcs', NULL, NULL),
(4, 'SPTD03R0001', 'C10160402', 'RUBBER CONDUCTOR', 1, 'Pcs', NULL, NULL),
(4, 'SPTD02S0003', 'S0810025000', 'DOUBLE SIDE TAPE \r\n(CIRCLE)', 6, 'Pcs', NULL, NULL),
(4, 'SPTD02S0001', 'S012030120200060', 'PAN HEAD SCREW (3)\r\nST2 X 6 mm', 3, 'Pcs', NULL, NULL),
(4, 'SPTD00B0001', 'S012030120150050', 'PAN HEAD SCREW (2)\r\nST1.5 X 5 mm', 4, 'Pcs', NULL, NULL),
(4, 'SPTD05B0001', 'A10161006', 'MANUAL BOOK (ENG)', 1, 'Pcs', NULL, NULL),
(4, 'SPTD05B0002', 'A10161007', 'MANUAL BOOK (IND)', 1, 'Pcs', NULL, NULL),
(4, 'SPTD02G0001', 'C10160416', 'PACKING FOAM', 1, 'Set', NULL, NULL),
(4, 'SPTD05B0003', 'A10161008', 'SHORT GUIDE (IND)', 1, 'Pcs', NULL, NULL),
(4, 'SPTD02O0001', 'C10160417', 'OUTER', 1, 'Pcs', NULL, NULL),
(4, 'SPTD02O0002', 'C10161002', 'OUTER POWER ADAPTOR', 1, 'Pcs', NULL, NULL),
(4, 'SPTD05I0001', 'A10161005', 'INNER ', 1, 'Pcs', NULL, NULL),
(4, 'SPTD00P0001', 'C10160415', 'PLASTIK BAG', 1, 'Pcs', NULL, NULL),
(4, 'SPTD05S0003', 'C10160418', 'BATTERY COVER STICKER', 1, 'Pcs', NULL, NULL),
(4, 'SPTD02ST008', 'C10160419', 'WARNING STICKER\r\n(AWAS LICIN)', 1, 'Pcs', NULL, NULL),
(4, 'SPBP00P0002', 'S2201', 'PLASTIK 11 X 17 ', 1, 'Pcs', NULL, NULL),
(4, 'SPBP00P0006', 'S2001', 'BOPP PLASTIC BAG (25 X 35) ', 1, 'Pcs', NULL, NULL),
(4, 'SPBP00K0002', 'S1301', 'WARRANTEE CARD', 1, 'Pcs', NULL, NULL),
(4, 'SPBP00S0001', 'S1401', 'WARRANTEE SEAL', 1, 'Pcs', NULL, NULL),
(4, 'SPBP00S0002', 'S1501', 'PRODUCTION SEAL', 1, 'Pcs', NULL, NULL),
(5, 'SPTD05C0001', 'C10160401', 'TOP CASSING', 1, 'Pcs', NULL, NULL),
(5, 'SPTD05C0002', 'B10160901', 'BOTTOM CASSING', 1, 'Pcs', NULL, NULL),
(5, 'SPTD05K0004', 'A10160910', 'GLASS SCALES COVER (GREEN)', 1, 'Pcs', NULL, NULL),
(5, 'SPTD05L0003', 'A10160901', 'LCD RED', 1, 'Pcs', NULL, NULL),
(5, 'SPTD05L0001', 'B10160902', 'LCD BACKLIGHT', 1, 'Pcs', NULL, NULL),
(5, 'SPTD05P0001', 'A10160902', 'MAINBOARD', 1, 'Pcs', NULL, NULL),
(5, 'SPTD05M0001', 'B10160903', 'METAL ELECTRODE', 1, 'Pcs', NULL, NULL),
(5, 'SPTD00S0001', 'C10160403', 'LOAD CELL (TOP)', 2, 'Pcs', NULL, NULL),
(5, 'SPTD00S0001', 'C10160404', 'LOAD CELL (BOTTOM)', 2, 'Pcs', NULL, NULL),
(5, 'SPTD05S0002', 'B10160904', 'SPRING FOR METAL ELECTRODE', 2, 'Pcs', NULL, NULL),
(5, 'SPTD05K0003a', 'B10160905', 'CABLE FOR SPRING 15cm', 2, 'Pcs', NULL, NULL),
(5, 'SPTD00S0006', 'C10160405', 'PIN BATTERY (- & +)', 1, 'Pcs', NULL, NULL),
(5, 'SPTD00S0004', 'C10160406', 'PIN BATTERY (-)', 1, 'Pcs', NULL, NULL),
(5, 'SPTD00S0005', 'C10160407', 'PIN BATTERY (+)', 1, 'Pcs', NULL, NULL),
(5, 'SPTD05K0002', 'C10160408', 'CABLE FOR PIN BATTERY (SHORT) 15cm', 2, 'Pcs', NULL, NULL),
(5, 'SPTD05K0003', 'C10160409', 'CABLE FOR PIN BATTERY (LONG) 25cm', 2, 'Pcs', NULL, NULL),
(5, 'SPTD05K0003', 'C10160410', 'CABLE FOR SWITCH 25cm', 2, 'Pcs', NULL, NULL),
(5, 'SPTD05T0001', 'C10160411', 'SWITCH BUTTON', 1, 'Pcs', NULL, NULL),
(5, 'SPTD05T0002', 'C10160414', 'BATTERY COVER', 1, 'Pcs', NULL, NULL),
(5, 'SPTD00K0001', 'C10160412', 'LOAD CELL COIN', 4, 'Pcs', NULL, NULL),
(5, 'SPTD00S0003', 'C10160413', 'FOOTPAD', 4, 'Pcs', NULL, NULL),
(5, 'SPTD03R0001', 'C10160402', 'RUBBER CONDUCTOR', 1, 'Pcs', NULL, NULL),
(5, 'SPTD02S0003', 'S0810025000', 'DOUBLE SIDE TAPE \r\n(CIRCLE)', 6, 'Pcs', NULL, NULL),
(5, 'SPTD02S0001', 'S012030120200060', 'PAN HEAD SCREW (3)\r\nST2 X 6 mm', 3, 'Pcs', NULL, NULL),
(5, 'SPTD00B0001', 'S012030120150050', 'PAN HEAD SCREW (2)\r\nST1.5 X 5 mm', 4, 'Pcs', NULL, NULL),
(5, 'SPTD05B0001', 'A10161006', 'MANUAL BOOK (ENG)', 1, 'Pcs', NULL, NULL),
(5, 'SPTD05B0002', 'A10161007', 'MANUAL BOOK (IND)', 1, 'Pcs', NULL, NULL),
(5, 'SPTD02G0001', 'C10160416', 'PACKING FOAM', 1, 'Set', NULL, NULL),
(5, 'SPTD05B0003', 'A10161008', 'SHORT GUIDE (IND)', 1, 'Pcs', NULL, NULL),
(5, 'SPTD02O0001', 'C10160417', 'OUTER', 1, 'Pcs', NULL, NULL),
(5, 'SPTD02O0002', 'C10161002', 'OUTER POWER ADAPTOR', 1, 'Pcs', NULL, NULL),
(5, 'SPTD05I0001', 'A10161005', 'INNER ', 1, 'Pcs', NULL, NULL),
(5, 'SPTD00P0001', 'C10160415', 'PLASTIK BAG', 1, 'Pcs', NULL, NULL),
(5, 'SPTD05S0003', 'C10160418', 'BATTERY COVER STICKER', 1, 'Pcs', NULL, NULL),
(5, 'SPTD02ST008', 'C10160419', 'WARNING STICKER\r\n(AWAS LICIN)', 1, 'Pcs', NULL, NULL),
(5, 'SPBP00P0002', 'S2201', 'PLASTIK 11 X 17 ', 1, 'Pcs', NULL, NULL),
(5, 'SPBP00P0006', 'S2001', 'BOPP PLASTIC BAG (25 X 35) ', 1, 'Pcs', NULL, NULL),
(5, 'SPBP00K0002', 'S1301', 'WARRANTEE CARD', 1, 'Pcs', NULL, NULL),
(5, 'SPBP00S0001', 'S1401', 'WARRANTEE SEAL', 1, 'Pcs', NULL, NULL),
(5, 'SPBP00S0002', 'S1501', 'PRODUCTION SEAL', 1, 'Pcs', NULL, NULL);

-- --------------------------------------------------------

--
-- Table structure for table `bppbs`
--

CREATE TABLE `bppbs` (
  `id` bigint(20) UNSIGNED NOT NULL,
  `produk_id` bigint(20) UNSIGNED NOT NULL,
  `divisi_id` bigint(20) UNSIGNED NOT NULL,
  `no_bppb` varchar(255) COLLATE utf8mb4_unicode_ci NOT NULL,
  `tanggal_bppb` date NOT NULL,
  `jumlah` int(11) NOT NULL,
  `status` enum('12','13','9') COLLATE utf8mb4_unicode_ci NOT NULL,
  `created_at` timestamp NULL DEFAULT NULL,
  `updated_at` timestamp NULL DEFAULT NULL
) ENGINE=InnoDB DEFAULT CHARSET=utf8mb4 COLLATE=utf8mb4_unicode_ci;

--
-- Dumping data for table `bppbs`
--

INSERT INTO `bppbs` (`id`, `produk_id`, `divisi_id`, `no_bppb`, `tanggal_bppb`, `jumlah`, `status`, `created_at`, `updated_at`) VALUES
(2, 3, 17, '0001/CN01/02/21', '2021-02-20', 10, '12', '2021-02-18 18:58:19', '2021-02-18 18:58:19'),
(6, 10, 17, '0001/PM06/02/21', '2021-02-20', 50, '12', '2021-02-18 21:13:00', '2021-02-18 21:13:00'),
(7, 6, 17, '0001/OC01/02/21', '2021-02-20', 2, '12', '2021-02-18 21:32:40', '2021-02-18 21:32:40'),
(8, 6, 17, '0001/OC01/02/21', '2021-02-20', 2, '12', '2021-02-18 21:33:15', '2021-02-18 21:33:15'),
(9, 1, 17, '0002/SP01/02/21', '2021-02-20', 1, '12', '2021-02-18 21:35:05', '2021-02-18 21:35:05'),
(10, 2, 17, '0001/SP02/02/21', '2021-02-20', 100, '12', '2021-02-18 21:40:36', '2021-02-18 21:40:36'),
(11, 10, 17, '0002/PM06/02/21', '2021-02-20', 1, '12', '2021-02-18 22:50:00', '2021-02-18 22:50:00'),
(12, 3, 17, '0002/CN01/02/21', '2021-02-20', 1, '12', '2021-02-18 23:02:40', '2021-02-18 23:02:40'),
(13, 3, 17, '0008/CN01/02/21', '2021-02-23', 10, '12', '2021-02-18 23:03:33', '2021-02-24 07:57:20'),
(14, 2, 17, '0002/SP02/02/21', '2021-02-19', 1, '12', '2021-02-18 23:04:00', '2021-02-18 23:04:00'),
(15, 2, 17, '0002/SP02/02/21', '2021-02-19', 1, '12', '2021-02-18 23:12:16', '2021-02-18 23:12:16'),
(16, 1, 17, '0003/PM06/02/21', '2021-02-20', 100, '12', '2021-02-18 23:12:33', '2021-02-18 23:12:33'),
(17, 3, 17, '0004/CN01/02/21', '2021-02-22', 20, '12', '2021-02-20 11:39:42', '2021-02-20 11:39:42'),
(18, 1, 17, '0004/PM06/02/21', '2021-02-18', 12, '12', '2021-02-20 11:42:07', '2021-02-20 11:42:07'),
(19, 1, 17, '0005/PM06/02/21', '2021-02-24', 1, '12', '2021-02-20 11:44:36', '2021-02-20 11:44:36'),
(20, 2, 17, '0001/SP02/02/21', '2021-02-22', 1, '12', '2021-02-20 11:46:22', '2021-02-20 11:46:22'),
(21, 2, 17, '0001/SP02/02/21', '2021-02-24', 1, '12', '2021-02-20 11:48:55', '2021-02-20 11:48:55'),
(22, 3, 17, '0005/CN01/02/21', '2021-02-23', 1, '12', '2021-02-20 11:50:08', '2021-02-20 11:50:08'),
(24, 3, 17, '0007/CN01/02/21', '2021-02-23', 10, '12', '2021-02-23 01:48:48', '2021-02-23 01:48:48'),
(25, 3, 17, '0008/CN01/02/21', '2021-02-26', 20, '12', '2021-02-26 07:48:04', '2021-02-26 07:48:04'),
(26, 8, 17, '0001/FX06/03/21', '2021-03-10', 10, '12', '2021-03-09 04:38:56', '2021-03-09 04:38:56'),
(27, 15, 17, '0001/DU03/03/21', '2021-03-10', 21, '12', '2021-03-09 04:42:47', '2021-03-09 04:46:32');

-- --------------------------------------------------------

--
-- Table structure for table `data_stok_produks`
--

CREATE TABLE `data_stok_produks` (
  `id` bigint(20) UNSIGNED NOT NULL,
  `stok_produk_id` bigint(20) UNSIGNED DEFAULT NULL,
  `status` enum('tersedia','dipinjam','diuji','tidak_tersedia') COLLATE utf8mb4_unicode_ci DEFAULT NULL,
  `keterangan` text COLLATE utf8mb4_unicode_ci DEFAULT NULL,
  `created_at` timestamp NULL DEFAULT NULL,
  `updated_at` timestamp NULL DEFAULT NULL
) ENGINE=InnoDB DEFAULT CHARSET=utf8mb4 COLLATE=utf8mb4_unicode_ci;

-- --------------------------------------------------------

--
-- Table structure for table `detail_ecommerces`
--

CREATE TABLE `detail_ecommerces` (
  `id` bigint(20) UNSIGNED NOT NULL,
  `ecommerces_id` int(11) NOT NULL,
  `produk_id` int(11) NOT NULL,
  `harga` double NOT NULL,
  `jumlah` int(11) NOT NULL,
  `keterangan` varchar(255) COLLATE utf8mb4_unicode_ci DEFAULT NULL,
  `created_at` timestamp NULL DEFAULT NULL,
  `updated_at` timestamp NULL DEFAULT NULL
) ENGINE=InnoDB DEFAULT CHARSET=utf8mb4 COLLATE=utf8mb4_unicode_ci;

--
-- Dumping data for table `detail_ecommerces`
--

INSERT INTO `detail_ecommerces` (`id`, `ecommerces_id`, `produk_id`, `harga`, `jumlah`, `keterangan`, `created_at`, `updated_at`) VALUES
(16, 20, 3, 3500000, 1, NULL, '2021-04-08 19:34:39', '2021-04-08 19:34:39'),
(17, 21, 2, 3500000, 1, NULL, '2021-04-08 19:35:32', '2021-04-08 19:35:32'),
(18, 21, 2, 3500000, 1, NULL, '2021-04-08 19:35:32', '2021-04-08 19:35:32'),
(19, 22, 3, 3500000, 1, NULL, '2021-04-08 19:37:26', '2021-04-08 19:37:26'),
(20, 23, 3, 3500000, 1, NULL, '2021-04-08 19:38:32', '2021-04-08 19:38:32'),
(21, 24, 2, 3500000, 1, NULL, '2021-04-08 23:02:03', '2021-04-08 23:02:03'),
(22, 25, 2, 3500000, 1, NULL, '2021-04-08 23:03:10', '2021-04-08 23:03:10'),
(23, 25, 3, 3500000, 1, NULL, '2021-04-08 23:03:10', '2021-04-08 23:03:10'),
(24, 26, 2, 3500000, 1, NULL, '2021-04-09 03:09:00', '2021-04-09 03:09:00');

-- --------------------------------------------------------

--
-- Table structure for table `detail_ekatjuals`
--

CREATE TABLE `detail_ekatjuals` (
  `id` bigint(20) UNSIGNED NOT NULL,
  `ekatjuals_id` int(11) NOT NULL,
  `produk_id` int(11) NOT NULL,
  `harga` double NOT NULL,
  `jumlah` int(11) NOT NULL,
  `created_at` timestamp NULL DEFAULT NULL,
  `updated_at` timestamp NULL DEFAULT NULL
) ENGINE=InnoDB DEFAULT CHARSET=utf8mb4 COLLATE=utf8mb4_unicode_ci;

--
-- Dumping data for table `detail_ekatjuals`
--

INSERT INTO `detail_ekatjuals` (`id`, `ekatjuals_id`, `produk_id`, `harga`, `jumlah`, `created_at`, `updated_at`) VALUES
(29, 2, 5, 3500000, 2, '2021-04-08 23:04:59', '2021-04-13 01:53:51'),
(30, 3, 9, 1300000, 2, '2021-04-12 20:35:16', '2021-04-12 21:05:01'),
(31, 3, 5, 3800000, 7, '2021-04-12 20:37:54', '2021-04-12 21:04:52');

-- --------------------------------------------------------

--
-- Table structure for table `detail_inventories`
--

CREATE TABLE `detail_inventories` (
  `id` bigint(20) UNSIGNED NOT NULL,
  `created_at` timestamp NULL DEFAULT NULL,
  `updated_at` timestamp NULL DEFAULT NULL,
  `inventory_id` bigint(20) UNSIGNED DEFAULT NULL
) ENGINE=InnoDB DEFAULT CHARSET=utf8mb4 COLLATE=utf8mb4_unicode_ci;

-- --------------------------------------------------------

--
-- Table structure for table `detail_offlines`
--

CREATE TABLE `detail_offlines` (
  `id` bigint(20) UNSIGNED NOT NULL,
  `offline_id` int(11) NOT NULL,
  `produk_id` int(11) NOT NULL,
  `harga` double NOT NULL,
  `jumlah` int(11) NOT NULL,
  `keterangan` varchar(255) COLLATE utf8mb4_unicode_ci DEFAULT NULL,
  `created_at` timestamp NULL DEFAULT NULL,
  `updated_at` timestamp NULL DEFAULT NULL
) ENGINE=InnoDB DEFAULT CHARSET=utf8mb4 COLLATE=utf8mb4_unicode_ci;

--
-- Dumping data for table `detail_offlines`
--

INSERT INTO `detail_offlines` (`id`, `offline_id`, `produk_id`, `harga`, `jumlah`, `keterangan`, `created_at`, `updated_at`) VALUES
(1, 1, 3, 3500000, 1, 'koneng', '2021-04-09 01:31:32', '2021-04-13 01:32:10'),
(2, 1, 22, 3500000, 2, 'poteh', '2021-04-09 01:31:32', '2021-04-13 01:54:45'),
(3, 2, 3, 3500000, 10, NULL, '2021-04-09 02:11:19', '2021-04-13 01:38:58'),
(4, 3, 3, 3500000, 1, NULL, '2021-04-09 03:10:25', '2021-04-09 03:10:25');

-- --------------------------------------------------------

--
-- Table structure for table `detail_paket_produks`
--

CREATE TABLE `detail_paket_produks` (
  `id` bigint(20) UNSIGNED NOT NULL,
  `paket_produk_id` bigint(20) UNSIGNED DEFAULT NULL,
  `produk_id` bigint(20) UNSIGNED DEFAULT NULL,
  `jumlah` int(11) NOT NULL,
  `created_at` timestamp NULL DEFAULT NULL,
  `updated_at` timestamp NULL DEFAULT NULL
) ENGINE=InnoDB DEFAULT CHARSET=utf8mb4 COLLATE=utf8mb4_unicode_ci;

--
-- Dumping data for table `detail_paket_produks`
--

INSERT INTO `detail_paket_produks` (`id`, `paket_produk_id`, `produk_id`, `jumlah`, `created_at`, `updated_at`) VALUES
(1, 1, 1, 1, '2021-02-24 11:27:26', '2021-02-25 17:00:00'),
(2, 1, 2, 1, '2021-03-16 06:53:49', '2021-03-15 06:53:49'),
(3, 2, 5, 2, '2021-02-10 17:00:00', '2021-02-24 17:00:45'),
(4, 2, 4, 1, '2021-03-16 06:53:49', '2021-02-10 11:32:02');

-- --------------------------------------------------------

--
-- Table structure for table `detail_peminjaman_karyawans`
--

CREATE TABLE `detail_peminjaman_karyawans` (
  `id` bigint(20) UNSIGNED NOT NULL,
  `peminjaman_karyawan_id` bigint(20) UNSIGNED DEFAULT NULL,
  `karyawan_id` bigint(20) UNSIGNED DEFAULT NULL,
  `tanggal_pemberhentian` date DEFAULT NULL,
  `status` enum('draft','menunggu','terima','tolak','berhenti') COLLATE utf8mb4_unicode_ci NOT NULL,
  `keterangan` text COLLATE utf8mb4_unicode_ci DEFAULT NULL,
  `created_at` timestamp NULL DEFAULT NULL,
  `updated_at` timestamp NULL DEFAULT NULL
) ENGINE=InnoDB DEFAULT CHARSET=utf8mb4 COLLATE=utf8mb4_unicode_ci;

--
-- Dumping data for table `detail_peminjaman_karyawans`
--

INSERT INTO `detail_peminjaman_karyawans` (`id`, `peminjaman_karyawan_id`, `karyawan_id`, `tanggal_pemberhentian`, `status`, `keterangan`, `created_at`, `updated_at`) VALUES
(10, 1, 7, NULL, 'menunggu', 'Analisa C', '2021-04-08 21:16:16', '2021-04-11 21:32:23'),
(11, 1, 9, NULL, 'menunggu', 'Analisa Jaringan', '2021-04-08 21:17:14', '2021-04-09 03:02:52'),
(12, 3, 1, NULL, 'draft', 'Pengemasan DSPRO', '2021-04-08 21:34:10', '2021-04-08 21:34:10'),
(13, 3, 4, NULL, 'draft', 'Pengemasan FOX', '2021-04-08 21:34:10', '2021-04-08 21:34:10'),
(14, 4, 8, NULL, 'draft', 'Bagian admin, lab, eng', '2021-04-08 23:45:00', '2021-04-08 23:45:00');

-- --------------------------------------------------------

--
-- Table structure for table `distributors`
--

CREATE TABLE `distributors` (
  `id` int(10) UNSIGNED NOT NULL,
  `jenis` varchar(255) COLLATE utf8mb4_unicode_ci NOT NULL,
  `nama` varchar(255) COLLATE utf8mb4_unicode_ci NOT NULL,
  `telp` varchar(191) COLLATE utf8mb4_unicode_ci DEFAULT NULL,
  `alamat` varchar(191) COLLATE utf8mb4_unicode_ci DEFAULT NULL,
  `email` varchar(191) COLLATE utf8mb4_unicode_ci DEFAULT NULL,
  `dis_nota` int(11) NOT NULL,
  `dis_uji` int(11) NOT NULL,
  `tempo` int(11) NOT NULL,
  `created_at` timestamp NULL DEFAULT NULL,
  `updated_at` timestamp NULL DEFAULT NULL,
  `ket` varchar(191) COLLATE utf8mb4_unicode_ci DEFAULT NULL
) ENGINE=InnoDB DEFAULT CHARSET=utf8mb4 COLLATE=utf8mb4_unicode_ci;

--
-- Dumping data for table `distributors`
--

INSERT INTO `distributors` (`id`, `jenis`, `nama`, `telp`, `alamat`, `email`, `dis_nota`, `dis_uji`, `tempo`, `created_at`, `updated_at`, `ket`) VALUES
(2, 'AMI', 'ALKESMART INDONESIA PT', '12', 'dddddfd', 'ALKESMART@gmail.comsx', 0, 0, 30, '0000-00-00 00:00:00', '2021-03-29 20:46:56', 'cdfgdf'),
(3, 'BMI', 'BUMI MENARA INTERNUSA PT', '-', '-', 'YAYAYA@gmail.com', 0, 0, 40, '0000-00-00 00:00:00', '2021-02-22 00:19:05', NULL),
(4, 'BMI-DPT', 'BUMI MENARA INTERNUSA PT (DAMPIT)', '-', '-', 'RERER@gmail.com', 0, 0, 50, '0000-00-00 00:00:00', '2021-02-22 00:20:18', NULL),
(5, 'BMM', 'BINTANG MANDIRI MEDICA PT', '81997821441', 'JL. DIPONEGORO RT.012 KEL. MAJIDI PANCOR KEC. SELONG', 'YAYAYA@gmail.coms', 0, 0, 20, '0000-00-00 00:00:00', '2021-02-22 00:55:05', NULL),
(6, 'BMP', 'BUANA MEDISTRA PHARMA PT', '-', '-', '	pt.buana_med@yahoo.com ', 0, 0, 0, '0000-00-00 00:00:00', '0000-00-00 00:00:00', NULL),
(10, 'BPPP', 'BEND PEMB PUSKESMAS PUCANGLABAN', '-', '-', '', 0, 20, 30, '0000-00-00 00:00:00', '0000-00-00 00:00:00', NULL),
(11, 'CJMA', 'CIPTA JAYA MEDIKA CV', '-', '-', '', 0, 20, 30, '0000-00-00 00:00:00', '0000-00-00 00:00:00', NULL),
(12, 'CJMO', 'CIPTAJAYA MEDINDO PT', '-', '-', '', 0, 20, 30, '0000-00-00 00:00:00', '0000-00-00 00:00:00', NULL),
(13, 'CMC', 'CAHAYA MURNI CEMERLANG PT', '-', '-', '	cahayamurnicemerlang@gmail.com	cahayamurnipt@gmail.com', 0, 20, 30, '0000-00-00 00:00:00', '0000-00-00 00:00:00', NULL),
(14, 'CN', 'CAHYO NUGROHO', '', '', '', 0, 0, 0, '0000-00-00 00:00:00', '0000-00-00 00:00:00', NULL),
(15, 'CRI', 'CIPTAJAYA RETAIL INDONESIA PT', '-', '-', '', 0, 20, 30, '0000-00-00 00:00:00', '0000-00-00 00:00:00', NULL),
(16, 'CVAW', 'ADY WATER CV', '022-7238019/022-63724915', 'JL. MADE RAYA NO. 26 RT.001 RW.002', '', 0, 0, 0, '0000-00-00 00:00:00', '0000-00-00 00:00:00', NULL),
(17, 'CVHG', 'HAWAII GROUP CV', '', 'JL. DUPAK MUTIARA 63F NO.20 RT.004 RW.005', '', 0, 0, 0, '0000-00-00 00:00:00', '0000-00-00 00:00:00', NULL),
(18, 'CVSPM', 'SANI PUTRI MEDIKA', '', '', '', 0, 0, 0, '0000-00-00 00:00:00', '0000-00-00 00:00:00', NULL),
(19, 'DKK-SUB', 'DINAS KESEHATAN KOTA SURABAYA', '-', '-', '', 0, 20, 30, '0000-00-00 00:00:00', '0000-00-00 00:00:00', NULL),
(20, 'DKKT', 'DINAS KESEHATAN KABUPATEN TUBAN', '0356-321479', 'Jalan Brawijaya Nomor 3 Kebonsari Tuban', 'dinkes@tubankab.go.id', 0, 0, 30, '0000-00-00 00:00:00', '0000-00-00 00:00:00', NULL),
(21, 'DKRS', 'DIASINDO KARYA RISTRADY', '', '', '', 0, 0, 0, '0000-00-00 00:00:00', '0000-00-00 00:00:00', NULL),
(22, 'DMU', 'DAYA MATAHARI UTAMA', '', '', '', 0, 0, 0, '0000-00-00 00:00:00', '0000-00-00 00:00:00', NULL),
(23, 'DONGKO', 'BENDAHARA UMUM BLUD PUSKESMAS DONGKO', '', 'JL. RAYA DONGKO PANGGUL RT.069 RW.004 DONGKO', '', 0, 0, 0, '0000-00-00 00:00:00', '0000-00-00 00:00:00', NULL),
(24, 'DPKMS', 'DAYA PRIMA KARTIKA MULTI SARANA PT', '-', '-', '', 0, 20, 30, '0000-00-00 00:00:00', '0000-00-00 00:00:00', NULL),
(25, 'DPM', 'DAYA PRIMA CV', '-', '-', '', 0, 20, 30, '0000-00-00 00:00:00', '0000-00-00 00:00:00', NULL),
(26, 'DPMJ', 'DAYA PRIMA MANDIRI JAYA PT', '-', '-', '', 0, 20, 30, '0000-00-00 00:00:00', '0000-00-00 00:00:00', NULL),
(27, 'DR-JPW', 'JOENRY PANGGAWEAN DR', '-', '-', '', 0, 20, 30, '0000-00-00 00:00:00', '0000-00-00 00:00:00', NULL),
(28, 'EH', 'EKAWATI HARTONO', '0823-93530838', 'Perum Labuan Indah Blok E-8', '', 0, 0, 0, '0000-00-00 00:00:00', '0000-00-00 00:00:00', NULL),
(29, 'EJB', 'EMIINDO JAYA BERSAMA PT', '021-22475355', '-', '', 0, 20, 30, '0000-00-00 00:00:00', '0000-00-00 00:00:00', NULL),
(30, 'ERR', 'DSFDFDS', 'dsfdsfsdfdsf', 'sdfsdfsdf', 'sdfsdfsdfd', 12, 15, 30, '0000-00-00 00:00:00', '0000-00-00 00:00:00', NULL),
(31, 'ESPT', 'ESA SAMPOERNA PT', '', 'ESA SAMPOERNA CENTER LT.5', '', 0, 0, 0, '0000-00-00 00:00:00', '0000-00-00 00:00:00', NULL),
(32, 'Etty', 'Dr. Etty Sekardewi', '', '', '', 0, 0, 0, '0000-00-00 00:00:00', '0000-00-00 00:00:00', NULL),
(33, 'FWH', 'FRESH WATER HILLYUDHA PT', '-', '-', '', 0, 20, 30, '0000-00-00 00:00:00', '0000-00-00 00:00:00', NULL),
(34, 'H. ABDUL MUIN', 'H. ABDUL MUIN', '', 'JL. B KATAMSO GG. SALAK NO.251A', '', 0, 0, 0, '0000-00-00 00:00:00', '0000-00-00 00:00:00', NULL),
(35, 'HAROLD', 'Harold Immanuel Marcelliano Rumopa', '', 'Perumahan BTN Wale Nusantara Blok B No.51', '', 0, 0, 0, '0000-00-00 00:00:00', '0000-00-00 00:00:00', NULL),
(36, 'HENDRO', 'HENDRO', '', '', '', 0, 0, 0, '0000-00-00 00:00:00', '0000-00-00 00:00:00', NULL),
(37, 'HENDRY', 'CAHYO NUGROHO', '', '', '', 0, 0, 0, '0000-00-00 00:00:00', '0000-00-00 00:00:00', NULL),
(38, 'HGA', 'HANIFAH GITHA ARIANI', '', '', '', 0, 0, 0, '0000-00-00 00:00:00', '0000-00-00 00:00:00', NULL),
(39, 'HJ', 'Heroe Joenianto', '', '', '', 0, 0, 0, '0000-00-00 00:00:00', '0000-00-00 00:00:00', NULL),
(40, 'HS', 'HENDRY SUDIGDO', '', '', '', 0, 0, 0, '0000-00-00 00:00:00', '0000-00-00 00:00:00', NULL),
(41, 'HXG', 'HEXAGON', '-', '-', '', 0, 20, 30, '0000-00-00 00:00:00', '0000-00-00 00:00:00', NULL),
(42, 'IA', 'ILVANA ARDIWIRASTUTI', '', 'JL. JOYOBOYO GG. DAHLIA RT.24 RW.03', '', 0, 0, 0, '0000-00-00 00:00:00', '0000-00-00 00:00:00', NULL),
(43, 'IB-SNR', 'SITI NURAINI RINANGSIH IBU', '-', '-', '', 0, 20, 30, '0000-00-00 00:00:00', '0000-00-00 00:00:00', NULL),
(44, 'II', 'INDOPASIFIK INDAHTAMA', '', 'JL. JALUR SUTERA BARAT NO.19B', '', 0, 0, 0, '0000-00-00 00:00:00', '0000-00-00 00:00:00', NULL),
(45, 'JKUS', 'JETTY KUSUMA', '-', '-', '', 0, 20, 30, '0000-00-00 00:00:00', '0000-00-00 00:00:00', NULL),
(46, 'KASUMA', 'KASUMA PT', '85335335446', 'JOJORAN I PERINTIS I/39', '', 0, 0, 0, '0000-00-00 00:00:00', '0000-00-00 00:00:00', NULL),
(47, 'KPM', 'KAPUAS PERMATA MEDIFARMA PT', '-', '-', '', 0, 20, 30, '0000-00-00 00:00:00', '0000-00-00 00:00:00', NULL),
(48, 'KSS', 'KARSA SEMANGAT SEJAHTERA PT', '-', '-', '', 0, 20, 30, '0000-00-00 00:00:00', '0000-00-00 00:00:00', NULL),
(49, 'KTH', 'KENDARI TIRTAKEMAS HUTAMA PT', '-', '-', '', 0, 20, 30, '0000-00-00 00:00:00', '0000-00-00 00:00:00', NULL),
(50, 'LJSA', 'LANGGENG JAYA SEMPURNA ABADI PT', '', 'TAMAN PUSPA SARI BLOK E NO.5 RT.32 RW.07', '', 0, 0, 0, '0000-00-00 00:00:00', '0000-00-00 00:00:00', NULL),
(51, 'LOTENG', 'BEND. PEMEGANG KAS DINAS KESEHATAN KAB. LOTENG', '', 'JL. SOEKARNO HATTA (KTR DNS KESEHATAN) PRAYA', '', 0, 0, 0, '0000-00-00 00:00:00', '0000-00-00 00:00:00', NULL),
(52, 'MAK', 'MAHKOTA ANUGRAH KARYA PT', '-', '-', '', 0, 20, 30, '0000-00-00 00:00:00', '0000-00-00 00:00:00', NULL),
(53, 'MARLION', 'MARLION', '', '', '', 0, 0, 0, '0000-00-00 00:00:00', '0000-00-00 00:00:00', NULL),
(54, 'MAU', 'MITRA ALKESINDO UTAMA PT', '-', '-', '', 0, 20, 30, '0000-00-00 00:00:00', '0000-00-00 00:00:00', NULL),
(55, 'MHS', 'MULYO HADI SOESILO', '', '', '', 0, 0, 0, '0000-00-00 00:00:00', '0000-00-00 00:00:00', NULL),
(56, 'MM', 'MULTI USAHA JAYA CV', '-', '-', '', 0, 20, 30, '0000-00-00 00:00:00', '0000-00-00 00:00:00', NULL),
(57, 'MMB', 'MULTIPLUS MEDILAB PT', '061-6640268 / 061-6630090', 'JL. DANAU MARSABUT NO. 4 MEDAN', '', 0, 20, 30, '0000-00-00 00:00:00', '0000-00-00 00:00:00', NULL),
(58, 'MMM', 'MULAWARMAN MITRA MEDIKA PT', '0541-4107525 / 0812 54060 2050', '-', '', 0, 20, 30, '0000-00-00 00:00:00', '0000-00-00 00:00:00', NULL),
(59, 'MMSB', 'MITRA MEDIKA SEJAHTERA BERSAMA PT', '-', '-', '', 0, 20, 30, '0000-00-00 00:00:00', '0000-00-00 00:00:00', NULL),
(60, 'MMSR', 'MURINDO MULTI SARANA PT', '-', '-', '', 0, 20, 30, '0000-00-00 00:00:00', '0000-00-00 00:00:00', NULL),
(61, 'MSAS', 'MULTI SARANA ALKESINDO SAMARINDA PT', '-', '-', '', 0, 20, 30, '0000-00-00 00:00:00', '0000-00-00 00:00:00', NULL),
(62, 'MSK', 'MARCO SEKAWAN PT', '-', '-', '', 0, 20, 30, '0000-00-00 00:00:00', '0000-00-00 00:00:00', NULL),
(63, 'MTI', 'MAKMUR TECHNOLOGY INDONESIA PT', '024-6513192', '-', '', 0, 20, 30, '0000-00-00 00:00:00', '0000-00-00 00:00:00', NULL),
(64, 'MTS', 'MITRA TIRTA SUKSES PT', '-', '-', '', 0, 20, 30, '0000-00-00 00:00:00', '0000-00-00 00:00:00', NULL),
(65, 'MULIA UTAMA TRASINDO ', 'MULIA UTAMA TRASINDO PT', '021-65850555', 'ANGKASA 1 NO. 5A JAKARTA PUSAT', '', 0, 0, 0, '0000-00-00 00:00:00', '0000-00-00 00:00:00', NULL),
(66, 'MULIA UTAMA TRASINDO PT', 'MULIA UTAMA TRASINDO PT', '021-65850555', 'ANGKASA 1 NO 5A JAKARTA PUSAT', '', 0, 0, 0, '0000-00-00 00:00:00', '0000-00-00 00:00:00', NULL),
(67, 'NAR', 'NUR ARIF RAHMATULLAH', '', '', '', 0, 0, 0, '0000-00-00 00:00:00', '0000-00-00 00:00:00', NULL),
(68, 'NIKMAH', 'DR NIKMAH ERNAWATI SpOG', '0811-3330-425', 'DSN BOGO RT.002 RW.008 BULU SEMEN KAB KEDIRI - JAWA TIMUR', '', 0, 0, 30, '0000-00-00 00:00:00', '0000-00-00 00:00:00', NULL),
(69, 'NON', 'BELUM DIKETAHUI', '', '', '', 0, 20, 30, '0000-00-00 00:00:00', '0000-00-00 00:00:00', NULL),
(70, 'NURDIN', 'NURDIN', '', 'JL. KALIANYAR IV NO. 34 RT. 009 RW. 002 JAKARTA BARAT', '', 0, 0, 1, '0000-00-00 00:00:00', '0000-00-00 00:00:00', NULL),
(71, 'NVP', 'NOVAPHARIN PT', '-', '-', '', 0, 20, 30, '0000-00-00 00:00:00', '0000-00-00 00:00:00', NULL),
(72, 'NWU', 'NUGROHO WIDI UTOMO', '85713557014', 'MEDOHO SELECTA NO.17 RT.002 RW.005', '', 0, 0, 0, '0000-00-00 00:00:00', '0000-00-00 00:00:00', NULL),
(73, 'PBP', 'PILARINDO BAKTI PERTIWI PT', '-', '-', '', 0, 20, 30, '0000-00-00 00:00:00', '0000-00-00 00:00:00', NULL),
(74, 'PEM', 'PRADANA ESTIARA MEDICAL PT', '-', '-', '', 0, 20, 30, '0000-00-00 00:00:00', '0000-00-00 00:00:00', NULL),
(75, 'PK', 'PRIYADI KUNCORO', '', '', '', 0, 0, 0, '0000-00-00 00:00:00', '0000-00-00 00:00:00', NULL),
(76, 'PSA', 'PANASEA PT', '-', '-', '', 0, 20, 30, '0000-00-00 00:00:00', '0000-00-00 00:00:00', NULL),
(77, 'PSP', 'PRADANA SIRONA PERSADA PT', '-', '-', '', 0, 20, 30, '0000-00-00 00:00:00', '0000-00-00 00:00:00', NULL),
(78, 'PTAHT', 'ABADI HUTAN TROPIS PT', '', 'JL. DHARMAHUSADA UTARA I/50', '', 0, 0, 0, '0000-00-00 00:00:00', '0000-00-00 00:00:00', NULL),
(79, 'PTAIGMI', 'ANEKA INDUSTRI GAS MEDIK INDONESIA PT', '', 'KOMPLEK GREEN SEDAYU BIZPARK BLOK GS 5 NO.122', '', 0, 0, 0, '0000-00-00 00:00:00', '0000-00-00 00:00:00', NULL),
(80, 'PTAPM', 'ARES PRATAMA MEDIKA', '', '', '', 0, 0, 0, '0000-00-00 00:00:00', '0000-00-00 00:00:00', NULL),
(81, 'PTBAW', 'BALI AGUNG WATERS PT', '0361-728734', 'JL. BESAKIH NO.4', '', 0, 0, 0, '0000-00-00 00:00:00', '0000-00-00 00:00:00', NULL),
(82, 'PTBEM', 'BORNEO ETAM MANDIRI', '', '', '', 0, 0, 0, '0000-00-00 00:00:00', '0000-00-00 00:00:00', NULL),
(83, 'PTBKE', 'BHINEKA KARYA ELEKTRINDO PT', '024-76438831', 'RE MARTADINATA', '', 0, 0, 0, '0000-00-00 00:00:00', '0000-00-00 00:00:00', NULL),
(84, 'PTBMI LAMONGAN', 'BUMI MENARA INTERNUSA PT (LAMONGAN)', '', 'JL. RAYA LAMONGAN GRESIK KM 40', '', 0, 0, 0, '0000-00-00 00:00:00', '0000-00-00 00:00:00', NULL),
(85, 'PTBMIDS', 'BUMI MENARA INTERNUSA PT (DELI SERDANG)', '061-42068300', 'JL. PULAU SUMBAWA II NO. 5-A KIM II SAENTIS - DELI SERDANG', '', 0, 0, 30, '0000-00-00 00:00:00', '0000-00-00 00:00:00', NULL),
(86, 'PTBMILP', 'BUMI MENARA INTERNUSA PT (LAMPUNG)', '', 'IR SUTAMI KM 12', '', 0, 0, 0, '0000-00-00 00:00:00', '0000-00-00 00:00:00', NULL),
(87, 'PTBPM', 'BERKAH PRO MEDIKA', '', '', '', 0, 0, 0, '0000-00-00 00:00:00', '0000-00-00 00:00:00', NULL),
(88, 'PTETI', 'EVERCOSS TECHNOLOGY INDONESIA PT', '0856 4129 2555', 'JL. RE MARTADINATA NO.37', '', 0, 0, 0, '0000-00-00 00:00:00', '0000-00-00 00:00:00', NULL),
(89, 'PTGSK', 'GLOBAL SURYA KEMALA PT', '0813-59049074', 'JL. INSPEKSI BRANTAS NO.14 RT.021 RW.007', '', 0, 0, 0, '0000-00-00 00:00:00', '0000-00-00 00:00:00', NULL),
(90, 'PTHRC', 'HOTEL RAMAPALACE COTTAGE', '', '', '', 0, 0, 0, '0000-00-00 00:00:00', '0000-00-00 00:00:00', NULL),
(91, 'PTHRM', 'HARTONO RAYA MOTOR PT', '', 'JL. DEMAK 166-170', '', 0, 0, 0, '0000-00-00 00:00:00', '0000-00-00 00:00:00', NULL),
(92, 'PTKI', 'KINGDOM INDAH PT', '', 'Jl. HR. Muhammad 373-383', '', 0, 0, 0, '0000-00-00 00:00:00', '0000-00-00 00:00:00', NULL),
(93, 'PTKJM', 'KRISMA JAYA MANDIRI CV', '087-839997078', 'JL. BABARSARI NO.26', '', 0, 0, 0, '0000-00-00 00:00:00', '0000-00-00 00:00:00', NULL),
(94, 'PTPHL', 'PERMATA HATI LAMONGAN PT', '', 'RAYA DEANDLES RT. 0 RW. 0', '', 0, 0, 0, '0000-00-00 00:00:00', '0000-00-00 00:00:00', NULL),
(95, 'PTSDS', 'SENTRUM DENTAL SENTOSA PT', '031-99244168', 'JL. EMBONG WUNGU NO. 11', '', 0, 0, 0, '0000-00-00 00:00:00', '0000-00-00 00:00:00', NULL),
(96, 'PTSJP', 'SAM JAYA PERKASA PT', '022-6123111', 'JL. PAJAJARAN NO.123A', '', 0, 0, 0, '0000-00-00 00:00:00', '0000-00-00 00:00:00', NULL),
(97, 'PTSUM', 'SUMBER UTAMA MEDICALINDO PT', '81260068787', 'JL. PROF MH YAMIN SH NO.241', '', 0, 0, 0, '0000-00-00 00:00:00', '0000-00-00 00:00:00', NULL),
(98, 'PTTDA', 'TIGA DARMA ABADI PT', '0741-3065106', 'JL. SERSAN MUSLIM RT.07', '', 0, 0, 0, '0000-00-00 00:00:00', '0000-00-00 00:00:00', NULL),
(99, 'PTWAM', 'WAHYU ARTA MEDIKA PT', '0361-8491536', 'JL. TUKAD BARITO NO.88', '', 0, 0, 0, '0000-00-00 00:00:00', '0000-00-00 00:00:00', NULL),
(100, 'RAHMATULLA', 'RAHMATULLAH Bapak', '', 'SINGOREJO RT.001 RW.004', '', 0, 0, 0, '0000-00-00 00:00:00', '0000-00-00 00:00:00', NULL),
(101, 'RAM', 'RIZKI ANUGERAH MULTIKARYA PT', '-', '-', '', 0, 20, 30, '0000-00-00 00:00:00', '0000-00-00 00:00:00', NULL),
(102, 'RAU', 'RIDHO AGUNG UTAMA PT', '-', '-', '', 0, 20, 30, '0000-00-00 00:00:00', '0000-00-00 00:00:00', NULL),
(103, 'REMSPT', 'RAMA EMERALD MULTI SUKSES PT', '', 'DESA TENARU', '', 0, 0, 0, '0000-00-00 00:00:00', '0000-00-00 00:00:00', NULL),
(104, 'ROHAN', 'ROHAN OERSEPUNY', '', '', '', 0, 0, 0, '0000-00-00 00:00:00', '0000-00-00 00:00:00', NULL),
(105, 'RPK', 'RISKY PUTRA KASIH PT', '-', '-', '', 0, 20, 30, '0000-00-00 00:00:00', '0000-00-00 00:00:00', NULL),
(106, 'RSK-BWR', 'RUMAH SAKIT KATOLIK BHAKTI WARA', '-', '-', '', 0, 20, 30, '0000-00-00 00:00:00', '0000-00-00 00:00:00', NULL),
(107, 'RSMDGSK', 'RUMAH SAKIT MUHAMMADIYAH GRESIK', '', 'JL. KH KHOLIL NO.88 RT.005 RW.001', '', 0, 0, 0, '0000-00-00 00:00:00', '0000-00-00 00:00:00', NULL),
(108, 'Rully', 'Dr. Rully Ferdiansyah', '', '', '', 0, 0, 0, '0000-00-00 00:00:00', '0000-00-00 00:00:00', NULL),
(109, 'RWB', 'REJEKI WIRA BERSAMA PT', '-', '-', '', 0, 20, 30, '0000-00-00 00:00:00', '0000-00-00 00:00:00', NULL),
(110, 'SASC', 'SORINI AGRO ASIA CORPORINDO PT', '-', '-', '', 0, 20, 30, '0000-00-00 00:00:00', '0000-00-00 00:00:00', NULL),
(111, 'SB', 'STEVANUS BUDIANTO', '', 'PURI LIDAH KULON INDAH BLOK T2 RT/RW 006/007 KEL.LIDAH KULON KEC.LAKAR SANTRI KOTA SURABAYA', '', 0, 0, 0, '0000-00-00 00:00:00', '0000-00-00 00:00:00', NULL),
(112, 'SBM', 'SURYA BALI MAKMUR PT', '-', '-', '', 0, 20, 30, '0000-00-00 00:00:00', '0000-00-00 00:00:00', NULL),
(113, 'SBSA', 'SUMBER BAHAGIA SEJAHTERA ABADI PT', '-', '-', '', 20, 0, 30, '0000-00-00 00:00:00', '0000-00-00 00:00:00', NULL),
(114, 'SDI', 'SANIDATA INDONESIA PT', '-', '-', '', 0, 20, 30, '0000-00-00 00:00:00', '0000-00-00 00:00:00', NULL),
(115, 'SEE', 'SHIN E ENGINEERING', '031-70999098', 'Jl. Komp. Juanda Harapan Blok J No. 6', '', 0, 0, 0, '0000-00-00 00:00:00', '0000-00-00 00:00:00', NULL),
(116, 'SEI', 'SAM ELEMEN INDONESIA PT', '-', '-', '', 0, 20, 30, '0000-00-00 00:00:00', '0000-00-00 00:00:00', NULL),
(117, 'SEPTIAN', 'SEPTIAN AKHMAD SUGIANTO', '', 'DSN KRAJAN TENGAH RT.012 RW.002', '', 0, 0, 0, '0000-00-00 00:00:00', '0000-00-00 00:00:00', NULL),
(118, 'SJL', 'SAMUDRA JAYA LISTRIK', '-', '-', '', 0, 20, 30, '0000-00-00 00:00:00', '0000-00-00 00:00:00', NULL),
(119, 'SMA VITA', 'SMA VITA', '', 'JL. ARIEF RAHMAN HAKIM 189-191', '', 0, 0, 0, '0000-00-00 00:00:00', '0000-00-00 00:00:00', NULL),
(120, 'SMAK', 'SIAGA MEDIKA ABADI KARYA PT', '-', '-', '', 0, 20, 30, '0000-00-00 00:00:00', '0000-00-00 00:00:00', NULL),
(121, 'SMM', 'SINARINDO MULTI MEDIKA PT', '-', '-', '', 0, 20, 30, '0000-00-00 00:00:00', '0000-00-00 00:00:00', NULL),
(122, 'SMP', 'SINAR MEDIKA PAPUA PT', '-', '-', '', 0, 20, 30, '0000-00-00 00:00:00', '0000-00-00 00:00:00', NULL),
(123, 'SPA', 'SINKO PRIMA ALLOY PT', '-', '-', '', 0, 20, 30, '0000-00-00 00:00:00', '0000-00-00 00:00:00', NULL),
(124, 'SPB', 'SABURAI PERDANA BAROKAH PT', '-', '-', '', 0, 20, 30, '0000-00-00 00:00:00', '0000-00-00 00:00:00', NULL),
(125, 'SPM', 'SANIDATA PUTRI MEDIKA PT', '-', '-', '', 0, 20, 30, '0000-00-00 00:00:00', '0000-00-00 00:00:00', NULL),
(126, 'SR', 'SANI RETAILINDO', '', '', '', 0, 0, 0, '0000-00-00 00:00:00', '0000-00-00 00:00:00', NULL),
(127, 'SRM', 'SUMBER REJEKI MEDIKA JAYA PT', '-', '-', '', 20, 0, 30, '0000-00-00 00:00:00', '0000-00-00 00:00:00', NULL),
(128, 'SSR', 'SULTRATUNA SAMUDRA PT', '-', '-', '', 0, 20, 30, '0000-00-00 00:00:00', '0000-00-00 00:00:00', NULL),
(129, 'STB', 'SENTRASARANA TIRTABENING PT', '-', '-', '', 0, 20, 30, '0000-00-00 00:00:00', '0000-00-00 00:00:00', NULL),
(130, 'SURYA DARMA PERKASA', 'SURYA DARMA PERKASA PT', '031-5314417', 'DAAN MOGOT KM 1 NO. 99 KEBON JERUK', '', 0, 0, 0, '0000-00-00 00:00:00', '0000-00-00 00:00:00', NULL),
(131, 'TNA', 'TUNAI', '-', '-', '', 0, 20, 30, '0000-00-00 00:00:00', '0000-00-00 00:00:00', NULL),
(132, 'TPM', 'TRIAFI PRATAMA MEDIKA PT', '-', '-', '', 0, 20, 30, '0000-00-00 00:00:00', '0000-00-00 00:00:00', NULL),
(133, 'TSP', 'TIRTA SUKSES PERKASA PT', '-', '-', '', 0, 20, 30, '0000-00-00 00:00:00', '0000-00-00 00:00:00', NULL),
(134, 'URSULA', 'J. NUGROHO EKO PUTRANTO/dr. URSULA YUDITH SAWITRI', '', 'JL. PLOSO 9-B/11 RT. 009 RW.005 PLOSO TAMBAKSARI SURABAYA - JAWA TIMUR', '', 0, 0, 30, '0000-00-00 00:00:00', '0000-00-00 00:00:00', NULL),
(135, 'YAYKM', 'YAY. KARYA MISERICORDIA', '0341-426057 / 081555636881', 'JL. YULIUS USMAN NO.49/ JL. NUSAKAMBANGAN 56 RT.04 RW.04', '', 0, 0, 0, '0000-00-00 00:00:00', '0000-00-00 00:00:00', NULL),
(141, 'Pelanggan', 'ddfdf', '42441', 'dfdf', 'fd', 12, 13, 30, '2021-03-18 08:14:16', '2021-03-18 08:14:16', 'dfdf');

-- --------------------------------------------------------

--
-- Table structure for table `divisis`
--

CREATE TABLE `divisis` (
  `id` bigint(20) UNSIGNED NOT NULL,
  `nama` varchar(50) COLLATE utf8mb4_unicode_ci NOT NULL,
  `kode` varchar(20) COLLATE utf8mb4_unicode_ci NOT NULL,
  `created_at` timestamp NULL DEFAULT NULL,
  `updated_at` timestamp NULL DEFAULT NULL
) ENGINE=InnoDB DEFAULT CHARSET=utf8mb4 COLLATE=utf8mb4_unicode_ci;

--
-- Dumping data for table `divisis`
--

INSERT INTO `divisis` (`id`, `nama`, `kode`, `created_at`, `updated_at`) VALUES
(1, 'Super Admin', 'sa', NULL, NULL),
(2, 'Direktur Utama', 'dirut', NULL, NULL),
(3, 'Direktur Teknik', 'dirtek', NULL, NULL),
(4, 'Direktur Keuangan', 'dirkeu', NULL, NULL),
(5, 'General Manager', 'gm', NULL, NULL),
(6, 'HRD', 'hrd', NULL, NULL),
(7, 'Administrasi', 'adm', NULL, NULL),
(8, 'After Sales Perbaikan', 'asp', NULL, NULL),
(9, 'Document Control', 'dc', NULL, NULL),
(10, 'Engineering', 'eng', NULL, NULL),
(11, 'Gudang Bahan Material', 'gbmp', NULL, NULL),
(12, 'Gudang Karantina', 'gk', NULL, NULL),
(13, 'Gudang Barang Jadi', 'gbj', NULL, NULL),
(14, 'IT', 'it', NULL, NULL),
(15, 'Logistik', 'log', NULL, NULL),
(16, 'Maintenance', 'mtc', NULL, NULL),
(17, 'Produksi', 'prd', NULL, NULL),
(18, 'Rumah Tangga', 'rt', NULL, NULL),
(19, 'Sarana Lingkungan', 'sarling', NULL, NULL),
(20, 'Sarana Kesehatan', 'sarkes', NULL, NULL),
(21, 'Research Development', 'rnd', NULL, NULL),
(22, 'Laboratorium', 'lab', NULL, NULL),
(23, 'Quality Control', 'qc', NULL, NULL),
(24, 'PPIC', 'ppic', NULL, NULL),
(25, 'K3', 'k3', NULL, NULL),
(26, 'Penjualan', 'jual', NULL, NULL),
(27, 'Pembelian', 'beli', NULL, NULL);

-- --------------------------------------------------------

--
-- Table structure for table `divisi_inventories`
--

CREATE TABLE `divisi_inventories` (
  `id` bigint(20) UNSIGNED NOT NULL,
  `kode` varchar(20) COLLATE utf8mb4_unicode_ci DEFAULT NULL,
  `divisi_id` bigint(20) UNSIGNED DEFAULT NULL,
  `pic_id` bigint(20) UNSIGNED DEFAULT NULL,
  `created_at` timestamp NULL DEFAULT NULL,
  `updated_at` timestamp NULL DEFAULT NULL
) ENGINE=InnoDB DEFAULT CHARSET=utf8mb4 COLLATE=utf8mb4_unicode_ci;

--
-- Dumping data for table `divisi_inventories`
--

INSERT INTO `divisi_inventories` (`id`, `kode`, `divisi_id`, `pic_id`, `created_at`, `updated_at`) VALUES
(1, '17', 17, 1, NULL, NULL),
(4, '14', 14, 8, '2021-03-22 03:37:39', '2021-03-22 03:37:39');

-- --------------------------------------------------------

--
-- Table structure for table `ecommerces`
--

CREATE TABLE `ecommerces` (
  `id` bigint(20) UNSIGNED NOT NULL,
  `order_id` varchar(255) COLLATE utf8mb4_unicode_ci NOT NULL,
  `market` varchar(255) COLLATE utf8mb4_unicode_ci NOT NULL,
  `customer_id` int(11) NOT NULL,
  `status` varchar(255) COLLATE utf8mb4_unicode_ci NOT NULL,
  `bayar` varchar(255) COLLATE utf8mb4_unicode_ci NOT NULL,
  `created_at` timestamp NULL DEFAULT NULL,
  `updated_at` timestamp NULL DEFAULT NULL
) ENGINE=InnoDB DEFAULT CHARSET=utf8mb4 COLLATE=utf8mb4_unicode_ci;

--
-- Dumping data for table `ecommerces`
--

INSERT INTO `ecommerces` (`id`, `order_id`, `market`, `customer_id`, `status`, `bayar`, `created_at`, `updated_at`) VALUES
(22, 'ECOM/TKPD/IV/2021/22', 'Tokopedia', 3, 'Proses', 'Tunai', '2021-04-08 19:37:26', '2021-04-08 19:37:26'),
(23, 'ECOM/BLI/IV/2021/23', 'Bli Bli', 25, 'Proses', 'Tunai', '2021-04-08 19:38:32', '2021-04-08 19:38:32'),
(24, 'ECOM/TKPD/IV/2021/24', 'Tokopedia', 23, 'Proses', 'Tunai', '2021-04-08 23:02:03', '2021-04-08 23:02:03'),
(25, 'ECOM/BLI/IV/2021/25', 'Bli Bli', 4, 'Proses', 'Tunai', '2021-04-08 23:03:10', '2021-04-08 23:03:10'),
(26, 'ECOM/INDO/IV/2021/26', 'Indo Trading', 23, 'Proses', 'Tunai', '2021-04-09 03:09:00', '2021-04-09 03:09:00');

-- --------------------------------------------------------

--
-- Table structure for table `ekatjuals`
--

CREATE TABLE `ekatjuals` (
  `id` bigint(20) UNSIGNED NOT NULL,
  `distributor_id` int(11) NOT NULL,
  `lkpp` varchar(255) COLLATE utf8mb4_unicode_ci NOT NULL,
  `ak1` varchar(255) COLLATE utf8mb4_unicode_ci NOT NULL,
  `despaket` varchar(255) COLLATE utf8mb4_unicode_ci NOT NULL,
  `instansi` varchar(255) COLLATE utf8mb4_unicode_ci NOT NULL,
  `satuankerja` varchar(255) COLLATE utf8mb4_unicode_ci NOT NULL,
  `status` varchar(255) COLLATE utf8mb4_unicode_ci NOT NULL,
  `tglbuat` date DEFAULT NULL,
  `tgledit` date DEFAULT NULL,
  `created_at` timestamp NULL DEFAULT NULL,
  `updated_at` timestamp NULL DEFAULT NULL
) ENGINE=InnoDB DEFAULT CHARSET=utf8mb4 COLLATE=utf8mb4_unicode_ci;

--
-- Dumping data for table `ekatjuals`
--

INSERT INTO `ekatjuals` (`id`, `distributor_id`, `lkpp`, `ak1`, `despaket`, `instansi`, `satuankerja`, `status`, `tglbuat`, `tgledit`, `created_at`, `updated_at`) VALUES
(2, 38, '1', '23423432', 'sdfsdf', 'instansi', 'satuan', 'Batal', '2021-03-31', '2021-04-16', '2021-04-01 01:20:39', '2021-04-13 01:54:26'),
(3, 4, '2', 'asdad', 'asdas', 'dasd', 'asdasd', 'Masih Negoisasi', '2021-04-15', '2021-04-14', '2021-04-01 01:22:23', '2021-04-01 01:22:23'),
(4, 4, '3', '13555', 'asdasd', 'asdasd', 'asdasd', 'Batal', '2021-04-21', '2021-03-31', '2021-04-01 01:25:42', '2021-04-01 01:25:42'),
(5, 29, '151', 'r', 'Paket Coronas', 'Pemerintah Madiun', 'Dinas kesehatan Madiun', 'Sepakat', '2021-04-08', '2021-05-06', '2021-04-04 18:37:49', '2021-04-12 22:32:19');

-- --------------------------------------------------------

--
-- Table structure for table `hasil_pemeriksaan_rakits`
--

CREATE TABLE `hasil_pemeriksaan_rakits` (
  `id` bigint(20) UNSIGNED NOT NULL,
  `pemeriksaan_rakit_id` bigint(20) UNSIGNED DEFAULT NULL,
  `hasil_perakitan_id` bigint(20) UNSIGNED DEFAULT NULL,
  `kondisi` enum('ok','nok') COLLATE utf8mb4_unicode_ci DEFAULT NULL,
  `tindak_lanjut` enum('karantina','pengujian') COLLATE utf8mb4_unicode_ci NOT NULL,
  `keterangan` text COLLATE utf8mb4_unicode_ci DEFAULT NULL,
  `created_at` timestamp NULL DEFAULT NULL,
  `updated_at` timestamp NULL DEFAULT NULL
) ENGINE=InnoDB DEFAULT CHARSET=utf8mb4 COLLATE=utf8mb4_unicode_ci;

-- --------------------------------------------------------

--
-- Table structure for table `hasil_perakitans`
--

CREATE TABLE `hasil_perakitans` (
  `id` bigint(20) UNSIGNED NOT NULL,
  `perakitan_id` bigint(20) UNSIGNED NOT NULL,
  `tanggal` date DEFAULT NULL,
  `no_seri` varchar(255) COLLATE utf8mb4_unicode_ci NOT NULL,
  `warna` varchar(50) COLLATE utf8mb4_unicode_ci DEFAULT NULL,
  `kondisi_terbuka` varchar(255) COLLATE utf8mb4_unicode_ci DEFAULT NULL,
  `tindak_lanjut1` enum('produksi','perbaikan','karantina','teknik') COLLATE utf8mb4_unicode_ci NOT NULL,
  `kondisi_tertutup` enum('ok','nok') COLLATE utf8mb4_unicode_ci DEFAULT NULL,
  `tindak_lanjut2` enum('produksi','perbaikan','karantina','teknik') COLLATE utf8mb4_unicode_ci NOT NULL,
  `keterangan` text COLLATE utf8mb4_unicode_ci DEFAULT NULL,
  `created_at` timestamp NULL DEFAULT NULL,
  `updated_at` timestamp NULL DEFAULT NULL
) ENGINE=InnoDB DEFAULT CHARSET=utf8mb4 COLLATE=utf8mb4_unicode_ci;

--
-- Dumping data for table `hasil_perakitans`
--

INSERT INTO `hasil_perakitans` (`id`, `perakitan_id`, `tanggal`, `no_seri`, `warna`, `kondisi_terbuka`, `tindak_lanjut1`, `kondisi_tertutup`, `tindak_lanjut2`, `keterangan`, `created_at`, `updated_at`) VALUES
(2, 5, '2021-02-26', 'TN02', 'putih', NULL, 'produksi', NULL, 'produksi', NULL, '2021-02-21 06:47:56', '2021-02-26 03:30:22'),
(3, 5, '2021-02-26', 'TN03', 'abu', NULL, 'produksi', NULL, 'produksi', NULL, '2021-02-21 06:47:56', '2021-02-26 03:30:22'),
(5, 5, '2021-02-26', 'TN05', 'abu', NULL, 'produksi', NULL, 'produksi', NULL, '2021-02-21 06:47:56', '2021-02-26 03:30:22'),
(14, 1, NULL, 'TN06', NULL, NULL, 'produksi', NULL, 'produksi', NULL, '2021-02-22 02:47:09', '2021-02-22 02:47:09'),
(15, 1, NULL, 'TN07', NULL, NULL, 'produksi', NULL, 'produksi', NULL, '2021-02-22 02:47:09', '2021-02-22 02:47:09'),
(16, 1, NULL, 'TN08', NULL, NULL, 'produksi', NULL, 'produksi', NULL, '2021-02-22 02:47:09', '2021-02-22 02:47:09'),
(17, 1, NULL, 'TN09', NULL, NULL, 'produksi', NULL, 'produksi', NULL, '2021-02-22 02:47:09', '2021-02-22 02:47:09'),
(18, 1, NULL, 'TN10', NULL, NULL, 'produksi', NULL, 'produksi', NULL, '2021-02-22 02:47:09', '2021-02-22 02:47:09'),
(19, 1, '2021-03-02', 'TN12', 'abu', NULL, 'produksi', NULL, 'produksi', NULL, '2021-02-22 23:34:42', '2021-03-02 01:11:14'),
(27, 1, '2021-02-23', 'TN19', 'abu', NULL, 'produksi', NULL, 'produksi', NULL, '2021-02-23 00:22:24', '2021-02-23 00:22:24'),
(28, 1, '2021-02-24', 'TN17', 'coklat', NULL, 'produksi', NULL, 'produksi', NULL, '2021-02-23 00:27:50', '2021-02-23 00:27:50'),
(31, 7, '2021-02-18', 'TN11', 'coklat', NULL, 'produksi', NULL, 'produksi', NULL, '2021-02-25 04:49:08', '2021-02-25 04:49:08'),
(32, 8, NULL, 'CN0101', NULL, NULL, 'produksi', NULL, 'produksi', NULL, '2021-02-25 06:50:58', '2021-02-25 06:50:58'),
(33, 8, NULL, 'CN0102', NULL, NULL, 'produksi', NULL, 'produksi', NULL, '2021-02-25 06:50:58', '2021-02-25 06:50:58'),
(34, 8, NULL, 'CN0103', NULL, NULL, 'produksi', NULL, 'produksi', NULL, '2021-02-25 06:50:58', '2021-02-25 06:50:58'),
(35, 8, NULL, 'CN0104', NULL, NULL, 'produksi', NULL, 'produksi', NULL, '2021-02-25 06:50:58', '2021-02-25 06:50:58'),
(36, 8, NULL, 'CN0105', NULL, NULL, 'produksi', NULL, 'produksi', NULL, '2021-02-25 06:50:58', '2021-02-25 06:50:58'),
(37, 8, NULL, 'CN0106', NULL, NULL, 'produksi', NULL, 'produksi', NULL, '2021-02-25 06:50:58', '2021-02-25 06:50:58'),
(38, 8, NULL, 'CN0107', NULL, NULL, 'produksi', NULL, 'produksi', NULL, '2021-02-25 06:50:58', '2021-02-25 06:50:58'),
(39, 8, NULL, 'CN0108', NULL, NULL, 'produksi', NULL, 'produksi', NULL, '2021-02-25 06:50:58', '2021-02-25 06:50:58'),
(40, 8, NULL, 'CN0109', NULL, NULL, 'produksi', NULL, 'produksi', NULL, '2021-02-25 06:50:58', '2021-02-25 06:50:58'),
(41, 8, NULL, 'CN0110', NULL, NULL, 'produksi', NULL, 'produksi', NULL, '2021-02-25 06:50:58', '2021-02-25 06:50:58'),
(42, 8, NULL, 'CN0111', NULL, NULL, 'produksi', NULL, 'produksi', NULL, '2021-02-25 06:50:58', '2021-02-25 06:50:58'),
(43, 8, NULL, 'CN0112', NULL, NULL, 'produksi', NULL, 'produksi', NULL, '2021-02-25 06:50:58', '2021-02-25 06:50:58'),
(44, 8, NULL, 'CN0113', NULL, NULL, 'produksi', NULL, 'produksi', NULL, '2021-02-25 06:50:58', '2021-02-25 06:50:58'),
(45, 8, NULL, 'CN0114', NULL, NULL, 'produksi', NULL, 'produksi', NULL, '2021-02-25 06:50:58', '2021-02-25 06:50:58'),
(46, 9, '2021-02-26', 'PM0105', 'Abu', NULL, 'produksi', NULL, 'produksi', NULL, '2021-02-26 07:54:53', '2021-02-26 09:50:30'),
(47, 9, '2021-03-02', 'PM0106', 'Putih', NULL, 'produksi', NULL, 'produksi', NULL, '2021-02-26 07:54:53', '2021-03-02 01:12:17'),
(48, 9, NULL, 'PM0107', NULL, NULL, 'produksi', NULL, 'produksi', NULL, '2021-02-26 07:54:53', '2021-02-26 07:54:53'),
(49, 9, NULL, 'PM0108', NULL, NULL, 'produksi', NULL, 'produksi', NULL, '2021-02-26 07:54:53', '2021-02-26 07:54:53'),
(50, 9, NULL, 'PM0109', NULL, NULL, 'produksi', NULL, 'produksi', NULL, '2021-02-26 07:54:53', '2021-02-26 07:54:53'),
(53, 23, '2021-03-12', 'FX0600001', 'putih', NULL, 'produksi', NULL, 'produksi', NULL, '2021-03-12 06:02:51', '2021-03-12 06:02:51'),
(54, 23, '2021-03-12', 'FX0600002', 'abu', NULL, 'produksi', NULL, 'produksi', NULL, '2021-03-12 06:02:51', '2021-03-12 06:02:51'),
(55, 24, '2021-03-12', 'SP0200001', 'hijau', NULL, 'produksi', NULL, 'produksi', NULL, '2021-03-12 06:15:21', '2021-03-12 06:15:21'),
(56, 24, '2021-03-12', 'SP0200002', 'abu', NULL, 'produksi', NULL, 'produksi', NULL, '2021-03-12 06:15:21', '2021-03-12 06:15:21'),
(57, 25, '2021-03-12', 'SP0200003', 'coklat', NULL, 'produksi', NULL, 'produksi', NULL, '2021-03-12 06:25:47', '2021-03-12 06:25:47'),
(58, 26, '2021-03-12', 'OC0100001', 'hijau', NULL, 'produksi', NULL, 'produksi', NULL, '2021-03-12 06:29:02', '2021-03-12 06:29:02'),
(59, 26, '2021-03-12', 'OC0100002', 'abu', NULL, 'produksi', NULL, 'produksi', NULL, '2021-03-12 06:29:02', '2021-03-12 06:29:02'),
(60, 29, '2021-03-13', 'SP0200004', 'coklat', NULL, 'produksi', NULL, 'produksi', NULL, '2021-03-12 07:37:04', '2021-03-12 07:37:04'),
(61, 30, '2021-03-15', 'CN0100001', 'abu', NULL, 'produksi', NULL, 'produksi', NULL, '2021-03-15 01:46:24', '2021-03-15 01:46:24'),
(62, 30, '2021-03-15', 'CN0100002', 'abu', NULL, 'produksi', NULL, 'produksi', NULL, '2021-03-15 01:46:24', '2021-03-15 01:46:24');

-- --------------------------------------------------------

--
-- Table structure for table `hasil_perakitan_karyawans`
--

CREATE TABLE `hasil_perakitan_karyawans` (
  `hasil_perakitan_id` bigint(20) UNSIGNED NOT NULL,
  `karyawan_id` bigint(20) UNSIGNED NOT NULL,
  `operator_custom` varchar(255) COLLATE utf8mb4_unicode_ci DEFAULT NULL,
  `created_at` timestamp NULL DEFAULT NULL,
  `updated_at` timestamp NULL DEFAULT NULL
) ENGINE=InnoDB DEFAULT CHARSET=utf8mb4 COLLATE=utf8mb4_unicode_ci;

--
-- Dumping data for table `hasil_perakitan_karyawans`
--

INSERT INTO `hasil_perakitan_karyawans` (`hasil_perakitan_id`, `karyawan_id`, `operator_custom`, `created_at`, `updated_at`) VALUES
(3, 4, NULL, '2021-02-26 03:09:20', '2021-02-26 03:09:20'),
(5, 1, NULL, '2021-02-26 03:09:20', '2021-02-26 03:09:20'),
(3, 3, NULL, '2021-02-26 03:30:22', '2021-02-26 03:30:22'),
(5, 5, NULL, '2021-02-26 03:30:22', '2021-02-26 03:30:22'),
(46, 2, NULL, '2021-02-26 09:27:17', '2021-02-26 09:27:17'),
(46, 3, NULL, '2021-02-26 09:50:30', '2021-02-26 09:50:30'),
(2, 2, NULL, '2021-03-01 04:50:56', '2021-03-01 04:50:56'),
(2, 5, NULL, '2021-03-01 04:51:15', '2021-03-01 04:51:15'),
(19, 4, NULL, '2021-03-02 01:11:14', '2021-03-02 01:11:14'),
(47, 2, NULL, '2021-03-02 01:12:17', '2021-03-02 01:12:17'),
(47, 5, NULL, '2021-03-02 01:12:17', '2021-03-02 01:12:17'),
(55, 4, NULL, '2021-03-12 06:15:21', '2021-03-12 06:15:21'),
(56, 5, NULL, '2021-03-12 06:15:21', '2021-03-12 06:15:21'),
(58, 1, NULL, '2021-03-12 06:29:02', '2021-03-12 06:29:02'),
(58, 3, NULL, '2021-03-12 06:29:02', '2021-03-12 06:29:02'),
(59, 2, NULL, '2021-03-12 06:29:02', '2021-03-12 06:29:02'),
(59, 5, NULL, '2021-03-12 06:29:02', '2021-03-12 06:29:02'),
(60, 2, NULL, '2021-03-12 07:37:04', '2021-03-12 07:37:04'),
(61, 2, NULL, '2021-03-15 01:46:24', '2021-03-15 01:46:24'),
(61, 3, NULL, '2021-03-15 01:46:24', '2021-03-15 01:46:24'),
(62, 1, NULL, '2021-03-15 01:46:24', '2021-03-15 01:46:24'),
(62, 5, NULL, '2021-03-15 01:46:24', '2021-03-15 01:46:24');

-- --------------------------------------------------------

--
-- Table structure for table `inventories`
--

CREATE TABLE `inventories` (
  `id` bigint(20) UNSIGNED NOT NULL,
  `divisi_inventory_id` bigint(20) UNSIGNED DEFAULT NULL,
  `kode_barang` varchar(100) COLLATE utf8mb4_unicode_ci DEFAULT NULL,
  `nama_barang` varchar(255) COLLATE utf8mb4_unicode_ci DEFAULT NULL,
  `merk` varchar(50) COLLATE utf8mb4_unicode_ci DEFAULT NULL,
  `lokasi` text COLLATE utf8mb4_unicode_ci DEFAULT NULL,
  `jumlah` int(11) DEFAULT NULL,
  `jumlah_tersedia` int(11) DEFAULT NULL,
  `tanggal_perolehan` date DEFAULT NULL,
  `masa_manfaat` int(11) DEFAULT NULL,
  `kondisi` double DEFAULT NULL,
  `harga_perolehan` double(20,2) DEFAULT NULL,
  `keterangan` text COLLATE utf8mb4_unicode_ci DEFAULT NULL,
  `status` enum('tersedia','tidak tersedia') COLLATE utf8mb4_unicode_ci DEFAULT NULL,
  `created_at` timestamp NULL DEFAULT NULL,
  `updated_at` timestamp NULL DEFAULT NULL
) ENGINE=InnoDB DEFAULT CHARSET=utf8mb4 COLLATE=utf8mb4_unicode_ci;

--
-- Dumping data for table `inventories`
--

INSERT INTO `inventories` (`id`, `divisi_inventory_id`, `kode_barang`, `nama_barang`, `merk`, `lokasi`, `jumlah`, `jumlah_tersedia`, `tanggal_perolehan`, `masa_manfaat`, `kondisi`, `harga_perolehan`, `keterangan`, `status`, `created_at`, `updated_at`) VALUES
(3, 4, 'INV14030002', 'Kursi Bulat', '-', 'Ruang IT', 3, 2, '2021-01-01', 4, 90, 150000.00, 'Kursi warna Biru, kaki putih', 'tersedia', '2021-03-22 03:37:39', '2021-04-06 06:57:40'),
(4, 4, 'INV14030003', 'Kursi Biru', 'Informa', 'Ruang IT', 1, 0, '2021-01-01', 4, 90, 1000000.00, NULL, 'tersedia', '2021-03-22 03:37:39', '2021-04-06 09:57:56');

-- --------------------------------------------------------

--
-- Table structure for table `jasa_ekss`
--

CREATE TABLE `jasa_ekss` (
  `id` bigint(20) UNSIGNED NOT NULL,
  `nama` varchar(255) COLLATE utf8mb4_unicode_ci NOT NULL,
  `telp` varchar(255) COLLATE utf8mb4_unicode_ci DEFAULT NULL,
  `alamat` varchar(255) COLLATE utf8mb4_unicode_ci DEFAULT NULL,
  `via` varchar(255) COLLATE utf8mb4_unicode_ci NOT NULL,
  `jur` varchar(255) COLLATE utf8mb4_unicode_ci NOT NULL,
  `ket` varchar(255) COLLATE utf8mb4_unicode_ci DEFAULT NULL,
  `created_at` timestamp NULL DEFAULT NULL,
  `updated_at` timestamp NULL DEFAULT NULL
) ENGINE=InnoDB DEFAULT CHARSET=utf8mb4 COLLATE=utf8mb4_unicode_ci;

--
-- Dumping data for table `jasa_ekss`
--

INSERT INTO `jasa_ekss` (`id`, `nama`, `telp`, `alamat`, `via`, `jur`, `ket`, `created_at`, `updated_at`) VALUES
(1, 'AFRO TRANS MARITIM', '085102156508, (031)-3539600, 3528364', 'Jl. Jagaraga No. 37h', 'Via Laut', 'Makassar', 'PT. Multiplus, Ridho Agung mgggs', '0000-00-00 00:00:00', '2021-03-29 20:41:20'),
(2, 'AFRO ANGKASA UDARA', '-', 'Jl. Jagalan 115', 'Via Udara', 'RE', '-', '0000-00-00 00:00:00', '2021-03-29 20:41:13'),
(3, 'ALAM JAYA', '(031)-3524553', 'Jl. Sulung No. 89 Ruko Sulung Mas Blok A-15, Surabaya', 'Lain Lain', 'Flores', 'PT. MAHKOTA', '0000-00-00 00:00:00', '0000-00-00 00:00:00'),
(4, 'BANDUNG EXPRESS', '(031)-5451211', 'Jl. Arjuno No. 35, Kec. Sawahan Surabaya', 'Lain Lain', '-', '-', '0000-00-00 00:00:00', '0000-00-00 00:00:00'),
(5, 'BANYUWANGI CEPAT', '(031)-3533026, 081336324650 - Pak Afuk', 'Jl. Semut Kali No.22, Bongkaran, Pabean Cantian, Kota Sby, Jawa Timur 60161', 'Lain Lain', 'Banyuwangi', '-', '0000-00-00 00:00:00', '0000-00-00 00:00:00'),
(6, 'WE, TRANSPORT ', '0821-3148-0034', 'Jl. Bhakti Husada III No.15, Mojo, Kec. Gubeng, Kota SBY', 'Lain Lain', '-', '-', '0000-00-00 00:00:00', '0000-00-00 00:00:00'),
(7, 'BIMA PUTRA', '(031)-5320264, 5471706', 'Jl. Demak No. 67', 'Lain Lain', 'Jawa Tengah, Jakarta', 'Per Kg Rp 2.000\nMinimal 0-30 kg  Rp 60.000\nBiaya Penerus 65.000', '0000-00-00 00:00:00', '0000-00-00 00:00:00'),
(8, 'BUNAKEN LESTARI', '(031)-3292049', 'Jl. Hang Tuah No. 6', 'Lain Lain', 'Manado', '-', '0000-00-00 00:00:00', '0000-00-00 00:00:00'),
(9, 'HIMEJI EXPRESS', '0811-3515-153', 'Jl. Karah Agung No.43F, Karah, Kec. Jambangan, Kota SBY', 'Lain Lain', '-', '-', '0000-00-00 00:00:00', '0000-00-00 00:00:00'),
(10, 'DMK', '(031)-5322899', 'Jl. Achmad Jais No.52A, Peneleh, Genteng, Kota Sby, Jawa Timur 60274', 'Lain Lain', 'Makasar', 'Depot Airqu', '0000-00-00 00:00:00', '0000-00-00 00:00:00'),
(11, 'DUTA CARGO TRANS', '3529347, 3522873', 'Jl. Krembangan Besar No. 18', 'Lain Lain', 'Banjarmasin', 'PT. Panasea', '0000-00-00 00:00:00', '0000-00-00 00:00:00'),
(12, 'HERONA EXPRESS', '(031)-5472808', 'Jl. Pasar Turi (Stasiun K.A ) ', 'Lain Lain', '-', '-', '0000-00-00 00:00:00', '0000-00-00 00:00:00'),
(13, 'HEXA EXPRESINDO', '(031)-3281563', 'Jl. Kalimas Baru 1 No.3A', 'Lain Lain', '-', '-', '0000-00-00 00:00:00', '0000-00-00 00:00:00'),
(14, 'INDAH CARGO ', '(031)-3550785', 'Jl. Demak 351', 'Lain Lain', '-', '-', '0000-00-00 00:00:00', '0000-00-00 00:00:00'),
(15, 'JATIM PERDANA EXSPRESS', '(031)-3571032, 3533934, 3533932', 'Jl. Pasar Besar Wetan 32/III', 'Via Udara', 'Manado, AMBON', 'Mitra Medika Sejahtera Bersama', '0000-00-00 00:00:00', '0000-00-00 00:00:00'),
(16, 'KARYATI', '(031)-3529662, 3574770', 'Jl. Stasiun Kota, Semut Megah Blok B-3, 5-6', 'Lain Lain', 'Seruyan', '-', '0000-00-00 00:00:00', '0000-00-00 00:00:00'),
(17, 'KI 8 (CV. KARYA INDAH DELAPAN EXPRESS)', '(031)-5324504, 081252665627, (WA)-08883214017', 'Pergudangan Kereta Api Logistic, Jl. Cepu, Gundih, Bubutan, Kota Sby, Jawa Timur 60172', 'Lain Lain', 'Jakarta,Semarang, Yogyakarta, Bandung', '-', '0000-00-00 00:00:00', '0000-00-00 00:00:00'),
(18, 'MEGA BAYA JAYA', '(031)-3550837, 081331206900', 'Jl. Demak No. 250', 'Lain Lain', 'Papua ', 'PT. Sinar Medika Papua', '0000-00-00 00:00:00', '0000-00-00 00:00:00'),
(19, 'MEGA CARGO', '0817304776 - Bp. Sumanto', 'Bandara Udara Surabaya', 'Lain Lain', 'Flores Timur', '-', '0000-00-00 00:00:00', '0000-00-00 00:00:00'),
(20, 'MEX BERLIAN', '-', 'Jl. Sulung Mas Blok A2 Krembangan Selatan', 'Via Udara', '-', '-', '0000-00-00 00:00:00', '0000-00-00 00:00:00'),
(21, 'NIAGA', '85732420224', 'Depo Spil : Jl. Latsda M. Nazir 17', 'Lain Lain', 'Papua, Jayapura', 'PT. Sinar Medika Papua', '0000-00-00 00:00:00', '0000-00-00 00:00:00'),
(22, 'PILARINDO', '(031)-5057778, (031)-99533278', 'Jl. Gubeng Kertajaya 9C No.42A || Jl. Villa Bukit Mas Blok RN. 03', 'Lain Lain', '-', '-', '0000-00-00 00:00:00', '0000-00-00 00:00:00'),
(23, 'PIONER', '08525588297 (Ibu Ina), (031)-352383 (Ibu Donny)', 'Jl. Gatotan No. 38', 'Lain Lain', 'Flores-NTT', 'PT. Mahkota (Pengiriman Lama)', '0000-00-00 00:00:00', '0000-00-00 00:00:00'),
(24, 'PLATINUM LOGISTIK', '(031)-99681020, 99681586', 'Jl. Abdul Rachman No. 55A, Alas Tipis ,Pabean ,Sedati Sidoarjo', 'Lain Lain', 'Jember', '-', '0000-00-00 00:00:00', '0000-00-00 00:00:00'),
(25, 'PURNAMA BALI', '(031)-3545486, 081216316771, 081330636255', 'Komp. Semut Indah Jl. Semut Kali Blok C No. 1A Surabaya', 'Lain Lain', 'Denpasar', 'Sumber terang', '0000-00-00 00:00:00', '0000-00-00 00:00:00'),
(26, 'PUTRA KALTIM', '(031)-3537977, (031)-72775254 (Awi)', 'Jl. Sikatan No. 41 || Jl. Tanjung Batu No.9 (Spill)', 'Lain Lain', 'Samarinda', 'PT. Mitra Alkesindo Utama', '0000-00-00 00:00:00', '0000-00-00 00:00:00'),
(27, 'SETYA PERMAI', '081333716363 - Pak Yatno', 'Pelabuhan Kalimas Baru Pos 3 Kiri Gudang No. 152', 'Lain Lain', 'Malinau-Kalimantan Utara', '-', '0000-00-00 00:00:00', '0000-00-00 00:00:00'),
(28, 'SUKMA', '(031)-3559306 (Pontianak) Ibu Nia', '-', 'Lain Lain', 'Pontianak', '-', '0000-00-00 00:00:00', '0000-00-00 00:00:00'),
(29, 'SUMBER TIMUR', '(031)-3286425', 'Jl. Kalimas Baru No.101, Perak Utara', 'Lain Lain', '-', '-', '0000-00-00 00:00:00', '0000-00-00 00:00:00'),
(30, 'TARAKAN EXSPRESS', '(031)-3556929, 3556991', 'Jl. Parang Barong 19A', 'Lain Lain', 'Samarinda', 'PT. Mitra Alkesindo Utama', '0000-00-00 00:00:00', '0000-00-00 00:00:00'),
(31, 'TIRTA JAYA', '(031)-5493888', 'Jl. Embong Gayam 2A', 'Lain Lain', 'Malang', '', '0000-00-00 00:00:00', '0000-00-00 00:00:00'),
(32, 'TUNGGAL JAYA ', '(031)-3712480', 'Jl. Gembong  No. 40 ', 'Lain Lain', 'Jakarta', 'PT.Marco sekawan', '0000-00-00 00:00:00', '0000-00-00 00:00:00'),
(33, 'WBU', '(031)-3577282, 085102353990', 'Jl. Sulung (Komp. Ruko Sulung Mas B-12)', 'Lain Lain', 'Denpasar', 'Sanidata', '0000-00-00 00:00:00', '0000-00-00 00:00:00'),
(34, 'WIRA AGUNG', '-', 'Jl. Ruko Taman Duta Mas || Jl. Tubagus Angke D1/9 Jakarta Barat', 'Lain Lain', '-', '-', '0000-00-00 00:00:00', '0000-00-00 00:00:00'),
(35, 'WIRA AGUNG (MERATUS)', '08101379903 (Herman)', '1. Depo Meratus', 'Lain Lain', '-', '-', '0000-00-00 00:00:00', '0000-00-00 00:00:00'),
(36, 'WIRA AGUNG (MERATUS PK)', '085100382739 (Aris) || Tj. Sorong : Bapak Arifin (085100824811) / Bp. Ulum (085749271111) || Tj. Jayapura : Bapak Saiful (085103035721, 082257051173)', '2. Depo Meratus Pk, Jl.  Prapat Kurung Selatan 21, Ktr : Jl.  Kalianak No. 51', 'Lain Lain', '-', '-', '0000-00-00 00:00:00', '0000-00-00 00:00:00'),
(37, 'BIS TIARA MAS', '-', '-', 'Lain Lain', '-', '-', '0000-00-00 00:00:00', '0000-00-00 00:00:00'),
(38, 'DHARMA SENTOSA', '-', '-', 'Lain Lain', '-', '-', '0000-00-00 00:00:00', '0000-00-00 00:00:00'),
(39, 'DIAMBIL SENDIRI', '-', '-', 'Lain Lain', '-', '-', '0000-00-00 00:00:00', '0000-00-00 00:00:00'),
(40, 'DIBAWA BPK ADITYA', '-', '-', 'Lain Lain', '-', '-', '0000-00-00 00:00:00', '0000-00-00 00:00:00'),
(41, 'EKSPEDISI (LAIN LAIN)', '-', '-', 'Lain Lain', '-', '-', '0000-00-00 00:00:00', '0000-00-00 00:00:00'),
(42, 'PT SINKO PRIMA ALLOY', '-', '-', 'Lain Lain', '-', '-', '0000-00-00 00:00:00', '0000-00-00 00:00:00'),
(43, 'JNE SURABAYA', '-', '-', 'Lain Lain', '-', '-', '0000-00-00 00:00:00', '0000-00-00 00:00:00'),
(44, 'TIKI', '031-3556107', 'Branjangan 18A Surabaya (AGEN 29)', 'Via Udara', 'SELURUH INDONESIA', '', '0000-00-00 00:00:00', '0000-00-00 00:00:00'),
(45, 'DIBAWA KARYAWAN SINKO', '-', '-', 'Lain Lain', '-', '', '0000-00-00 00:00:00', '0000-00-00 00:00:00'),
(46, 'PT. SURYAGITA NUSARAYA', '(031) 5451968', 'Jl. Dupak No.21, Gundih, Kec. Bubutan, Kota SBY', 'Lain Lain', '', '', '0000-00-00 00:00:00', '0000-00-00 00:00:00'),
(47, 'POS INDONESIA', '-', 'Jl. Kupang Jaya No.10, Sukomanunggal, Kec. Sukomanunggal, Kota SBY, Jawa Timur 60225', 'Lain Lain', '', '', '0000-00-00 00:00:00', '0000-00-00 00:00:00'),
(48, 'LION PARCEL', '', '', 'Via Laut', '', '', '0000-00-00 00:00:00', '0000-00-00 00:00:00'),
(49, 'CITO XPRESS', '031-8495200', 'JL. RAYA PANJANG JIWO PERMAI NO. 16 SURABAYA', 'Via Laut', '', '', '0000-00-00 00:00:00', '0000-00-00 00:00:00'),
(50, 'DOMINAN JAYA (BT)', '031-3523355', 'JL. SEMUT BARU\nRUKO PENGAMPON SQUARE BLOK D NO. 70, SURABAYA', 'Via Darat', 'JAWA DAN BALI', 'TIDAK MENERIMA KIRIMAN SURAT DAN KARTU POS', '0000-00-00 00:00:00', '0000-00-00 00:00:00'),
(51, 'WIDAS (BAYAR TUJUAN)', '087851487418, 082131480034', 'JL. BHAKTI HUSADA III / 15 SURABAYA', 'Via Udara', 'MALANG', '', '0000-00-00 00:00:00', '0000-00-00 00:00:00'),
(52, 'MULIA BAKTI EXPRESS (BAYAR TUJUAN)', '031 3538889, 3530260', 'JL. SEMUT KALI KOMPLEK SEMUT INDAH BLOK C 16-17', 'Via Darat', 'BANJARMASIN', '', '0000-00-00 00:00:00', '0000-00-00 00:00:00'),
(53, 'BALI PRIMA TRAVEL', '031 5035777, 5027999, 5026999', 'JL. KARANG MENJANGAN 92', 'Via Udara', 'JAWA TIMUR - BALI', '', '0000-00-00 00:00:00', '0000-00-00 00:00:00'),
(54, 'MANDIRI AGUNG TRANSPORT', '087852458855, 081385883509', 'JL. CEPU NO. 1 PINTU J', 'Via Udara', 'JAKARTA, CIREBON, SEMARANG', '', '0000-00-00 00:00:00', '0000-00-00 00:00:00'),
(55, 'DUTA TRANS JAYA', '031-3551000', 'JL. KREMBANGAN BARU NO. 2', 'Via Laut', 'SAMARINDA', 'MITRA ALKESINDO UTAMA', '0000-00-00 00:00:00', '0000-00-00 00:00:00'),
(56, 'SAKURA EXPRESS', '(031) 3573375', 'Ruko Vira 51, Jl. Raya Penjeran No. 475, Bongkaran, Kec. Pabean Cantian, Kota SBY, Jawa Timur 60161', 'Via Udara', 'BALI', 'PT. SANIDATA INDONESIA', '0000-00-00 00:00:00', '0000-00-00 00:00:00'),
(57, 'ORINDO', '', '', 'Via Udara', '', '', '0000-00-00 00:00:00', '0000-00-00 00:00:00'),
(58, 'BUANA NUSANTARA EKSPRES (BNE)', '0812 1020 2955', 'SAN ANTONIO N4 - 42 PAKUWON CITY, KENJERAN', 'Via Laut', 'SUMATERA, JAWA, KALIMANTAN', 'PT. MULTIPLUS MEDILAB\nminimal 100kg', '0000-00-00 00:00:00', '0000-00-00 00:00:00'),
(59, 'PRATIWI', '0822 4543 1812 - BAPAK KUSWAN', 'PRATIWI DEPO SARI AMPENAN \nJL. TANJUNG BATU NO. 1', 'Via Darat', 'TARAKAN', 'MITRA ALKESINDO UTAMA', '0000-00-00 00:00:00', '0000-00-00 00:00:00'),
(60, 'BUMI RAYA', '', 'JL. KENJERAN 475, RUKO FIRA 51 BLOK 25', 'Via Darat', 'NTT', 'MAHKOTA ANUGRAH KARYA', '0000-00-00 00:00:00', '0000-00-00 00:00:00'),
(61, 'BUANA LANGGENG JAYA', '031-5353745 ', 'JL. PASAR KEMBANG NO. 4\nRUKO GRAND FLOWER BLOK C-10', 'Via Udara', '', 'AMDK SONGO', '0000-00-00 00:00:00', '0000-00-00 00:00:00'),
(62, 'PT. MPS', '0812 3002 3434', 'JL. TANJUNG BATU 21 P NO. 17', 'Via Darat', 'BALIKPAPAN', 'PT. MITRA ALKESINDO MEDIKA JAYA BALIKPAPAN', '0000-00-00 00:00:00', '0000-00-00 00:00:00'),
(63, 'MULTI PRIMA SARANA', '081 230 023 434', 'JL. TANJUNG BATU 21 P NO. 17 SURABAYA', 'Via Darat', 'MITRA ALKESINDO UTAMA', '', '0000-00-00 00:00:00', '0000-00-00 00:00:00'),
(64, 'DAKOTA CARGO', '031 3552392 / 031-3552393 UP. FAIZAL', 'JL. DEMAK 265 SURABAYA', 'Via Udara', 'JEMBER, JAWA', 'CV. LISA JAYA MANDIRI\nBERAT VOLUME 39 KG = 64.000', '0000-00-00 00:00:00', '0000-00-00 00:00:00'),
(65, 'BINTANG JASA SAMODRA (BJS)', '85100495704', 'JL. PEGIRIAN NO. 148 B, SIMOLAWANG, SIMOKERTO, ABY', 'Via Darat', 'SUMBA TIMUR', 'PT. MAHKOTA ANUGRAH', '0000-00-00 00:00:00', '0000-00-00 00:00:00'),
(66, 'ANUGRAH SUNGAI', '85346600208', 'JL. KALIANGET 72', 'Via Darat', 'PAPUA', '', '0000-00-00 00:00:00', '0000-00-00 00:00:00'),
(67, 'OLYMPIC ABADI', '3525662 - 3557665', 'BUBUTAN NO. 149 SURABAYA', 'Via Laut', 'SAMARINDA, KALIMANTAN TIMUR', 'CV HIDUP BAHAGIA, PRADANA ESTIARA', '0000-00-00 00:00:00', '0000-00-00 00:00:00'),
(68, 'ANGKASA DIRGA MANDIRI', '031-3525662 / 3557665', 'JL. BUBUTAN 149 SURABAYA', 'Via Udara', 'SAMARINDA', 'CV. HIDUP BAHAGIA', '0000-00-00 00:00:00', '0000-00-00 00:00:00'),
(69, 'MENTARI TRANSPORTATION', '031 - 529165', 'JL. NGAGEL MADYA 60', 'Via Udara', 'BALI', '', '0000-00-00 00:00:00', '0000-00-00 00:00:00'),
(70, 'ROSALIA EXPRESS', '0815-6789-8520', 'JL. ARJUNO NO. 11', 'Via Udara', 'BANYUMAS', 'PT. ARES PRATAMA MEDIKA', '0000-00-00 00:00:00', '0000-00-00 00:00:00'),
(71, 'KONSINYASI', '', '', 'Lain Lain', '', '', '0000-00-00 00:00:00', '0000-00-00 00:00:00'),
(72, 'GUNAWAN SEMBADA (PENGANGKUTAN BARANG SURABAYA MADURA PP)', '0853-3084-8497', 'Jl. Pegirian No.78B, Simolawang, Kec. Simokerto, Kota SBY, Jawa Timur 60144', 'Via Udara', 'MADURA', 'AMDK LABINI', '0000-00-00 00:00:00', '0000-00-00 00:00:00'),
(73, 'GO-SEND', '', '', 'Via Udara', 'SURABAYA DST', '', '0000-00-00 00:00:00', '0000-00-00 00:00:00'),
(74, 'MAKHARYA CARGO', '', '', 'Via Udara', 'BALI', 'PT. SEAFOOD INSPECTION LABORATORY\nPEMESAN PT. GLORIA MEDICA / DAYA PRIMA', '0000-00-00 00:00:00', '0000-00-00 00:00:00'),
(75, 'DEPO RAHAYU', '81283862674', 'JL. KALIANAK 116 SURABAYA', 'Via Darat', '', 'UP. MAS AJI', '0000-00-00 00:00:00', '0000-00-00 00:00:00'),
(76, 'J', '', '', 'Via Laut', 'seluruh indonesia', '', '0000-00-00 00:00:00', '0000-00-00 00:00:00'),
(77, 'DEPO TEMAS', '85707102551', 'JL. KALIANAK 55 LORONG 7B', 'Via Darat', 'KENDARI', 'UP. BPK BAGUS', '0000-00-00 00:00:00', '0000-00-00 00:00:00'),
(78, 'JNT', '', 'SURABAYA', 'Lain Lain', 'ALL INDONESIA', '', '0000-00-00 00:00:00', '0000-00-00 00:00:00'),
(79, 'PANCA KOBRA SAKTI', '', 'JL. KEDUNG COWEK NO. 194A, BULAK, SURABAYA', 'Via Udara', 'JAWA', '', '0000-00-00 00:00:00', '0000-00-00 00:00:00'),
(80, 'DIAMBIL EKSPEDISI DARI DISTRIBUTOR', '', '', 'Via Udara', '', '', '0000-00-00 00:00:00', '0000-00-00 00:00:00'),
(81, 'ABAL ABAL', '', '', 'Lain Lain', '', '', '0000-00-00 00:00:00', '0000-00-00 00:00:00'),
(82, 'SADANA', '', 'JL. SAMUDRA NO. 43 ', 'Via Udara', '', '', '0000-00-00 00:00:00', '0000-00-00 00:00:00'),
(83, 'LOGAM JAYA BERSAUDARA', '', 'JL. KEBON ROJO NO. 2 SURABAYA', 'Via Darat', 'BALI', 'REQUEST DARI PT CIPTA JAYA DIKIRIM KE SANIDATA BALI', '0000-00-00 00:00:00', '0000-00-00 00:00:00');

-- --------------------------------------------------------

--
-- Table structure for table `karyawans`
--

CREATE TABLE `karyawans` (
  `id` bigint(20) UNSIGNED NOT NULL,
  `divisi_id` bigint(20) UNSIGNED NOT NULL,
  `nama` varchar(255) COLLATE utf8mb4_unicode_ci DEFAULT NULL,
  `foto` text COLLATE utf8mb4_unicode_ci DEFAULT NULL,
  `jabatan` enum('direktur','manager','asisten manager','supervisor','staff','operator','harian') COLLATE utf8mb4_unicode_ci NOT NULL,
  `created_at` timestamp NULL DEFAULT NULL,
  `updated_at` timestamp NULL DEFAULT NULL
) ENGINE=InnoDB DEFAULT CHARSET=utf8mb4 COLLATE=utf8mb4_unicode_ci;

--
-- Dumping data for table `karyawans`
--

INSERT INTO `karyawans` (`id`, `divisi_id`, `nama`, `foto`, `jabatan`, `created_at`, `updated_at`) VALUES
(1, 17, 'Sri Wahyuni', NULL, 'operator', NULL, NULL),
(2, 17, 'Mutmainah', NULL, 'operator', NULL, NULL),
(3, 17, 'Siti Romlah', NULL, 'operator', NULL, NULL),
(4, 17, 'Siti Salimah', NULL, 'operator', NULL, NULL),
(5, 17, 'Frida Chrisdianti', NULL, 'operator', NULL, NULL),
(6, 14, 'Christio Kharisma Sungkono', NULL, 'manager', NULL, NULL),
(7, 14, 'Angelicha Aminah Zairuni Ussu', NULL, 'manager', NULL, NULL),
(8, 14, 'Bartolomeus Wisnu Setyo Wibowo Sunadi', NULL, 'staff', NULL, NULL),
(9, 14, 'Adilah Adzhani', NULL, 'staff', NULL, NULL);

-- --------------------------------------------------------

--
-- Table structure for table `kategori_produks`
--

CREATE TABLE `kategori_produks` (
  `id` bigint(20) UNSIGNED NOT NULL,
  `kelompok_produk_id` bigint(20) UNSIGNED NOT NULL,
  `nama` varchar(255) COLLATE utf8mb4_unicode_ci NOT NULL,
  `created_at` timestamp NULL DEFAULT NULL,
  `updated_at` timestamp NULL DEFAULT NULL
) ENGINE=InnoDB DEFAULT CHARSET=utf8mb4 COLLATE=utf8mb4_unicode_ci;

--
-- Dumping data for table `kategori_produks`
--

INSERT INTO `kategori_produks` (`id`, `kelompok_produk_id`, `nama`, `created_at`, `updated_at`) VALUES
(1, 1, 'Anesthesia', NULL, NULL),
(2, 1, 'Cardiology', NULL, NULL),
(3, 1, 'Central Monitor', NULL, NULL),
(4, 1, 'Dental', NULL, NULL),
(5, 1, 'Destroyer', NULL, NULL),
(6, 1, 'Infant', NULL, NULL),
(7, 1, 'Lamp', NULL, NULL),
(8, 1, 'Measuring, Testing & Calibration', NULL, NULL),
(9, 1, 'Obstetrics & Gynecology', NULL, NULL),
(10, 1, 'Radiology', NULL, NULL),
(11, 1, 'Scale', NULL, NULL),
(12, 1, 'Simulator', NULL, NULL),
(13, 1, 'Sterilizer & Purifier', NULL, NULL),
(14, 1, 'Accessories', NULL, NULL),
(15, 1, 'Others', NULL, NULL);

-- --------------------------------------------------------

--
-- Table structure for table `kelompok_produks`
--

CREATE TABLE `kelompok_produks` (
  `id` bigint(20) UNSIGNED NOT NULL,
  `nama` varchar(100) COLLATE utf8mb4_unicode_ci NOT NULL,
  `created_at` timestamp NULL DEFAULT NULL,
  `updated_at` timestamp NULL DEFAULT NULL
) ENGINE=InnoDB DEFAULT CHARSET=utf8mb4 COLLATE=utf8mb4_unicode_ci;

--
-- Dumping data for table `kelompok_produks`
--

INSERT INTO `kelompok_produks` (`id`, `nama`, `created_at`, `updated_at`) VALUES
(1, 'Electromedic', NULL, NULL),
(2, 'Water Treatment', NULL, NULL);

-- --------------------------------------------------------

--
-- Table structure for table `migrations`
--

CREATE TABLE `migrations` (
  `id` int(10) UNSIGNED NOT NULL,
  `migration` varchar(191) COLLATE utf8mb4_unicode_ci NOT NULL,
  `batch` int(11) NOT NULL
) ENGINE=InnoDB DEFAULT CHARSET=utf8mb4 COLLATE=utf8mb4_unicode_ci;

--
-- Dumping data for table `migrations`
--

INSERT INTO `migrations` (`id`, `migration`, `batch`) VALUES
(1, '2021_02_10_021647_create_divisis_table', 1),
(2, '2021_02_10_021837_create_kategori_produks_table', 1),
(3, '2021_02_10_021840_create_sub_kategoris_table', 1),
(8, '2021_02_16_030808_create_distributors', 2),
(9, '2021_02_10_022210_create_produks_table', 3),
(10, '2021_02_10_022223_create_users_table', 3),
(11, '2021_02_10_025756_create_parts_table', 3),
(12, '2021_02_10_025818_create_bill_of_materials_table', 3),
(13, '2021_02_15_061240_create_bppbs_table', 3),
(14, '2021_02_16_040646_create_notifications_table', 4),
(15, '2021_02_16_074450_create_bppbs_table', 5),
(16, '2021_02_17_012125_add_tipe_to_produks_table', 6),
(17, '2021_02_17_013341_update_sub_kategori_id_in_produks_table', 7),
(18, '2021_02_17_015253_update_sub_kategori_id_2_in_produks_table', 8),
(19, '2021_02_17_015402_add_kategori_id_to_produks_table', 9),
(20, '2021_02_17_023257_create_perakitans_table', 10),
(21, '2021_02_17_023418_create_hasil_perakitans_table', 10),
(22, '2021_02_17_024124_add_foto_to_users_table', 10),
(23, '2021_02_17_024604_add_column_to_perakitans_table', 11),
(24, '2021_02_17_025700_add_column_to_hasil_perakitans_table', 12),
(25, '2021_02_17_073242_update_rename_kategori_produks_table', 13),
(26, '2021_02_17_073600_update_rename_sub_kategoris_table', 14),
(27, '2021_02_17_074833_add_column_to_produks_table', 15),
(28, '2021_02_17_082055_update_rename_column_in_produks_table', 16),
(29, '2021_02_17_084903_update_rename_column_in_kategori_produks_table', 17),
(30, '2021_02_18_024421_update_column_to_parts_table', 18),
(31, '2021_02_18_024824_update_column_to_bill_of_materials_table', 19),
(32, '2021_02_18_075050_create_jasa_ekss', 20),
(33, '2021_02_19_062003_update_for_rename_kelompok_barangs_table', 21),
(34, '2021_02_19_062317_update_rename_column_kategori_produks_table', 22),
(35, '2021_02_19_062336_update_rename_column_produks_table', 22),
(36, '2021_02_20_164114_create_notifikasis_table', 23),
(37, '2021_02_21_054103_add_column_to_perakitans_2_table', 24),
(39, '2021_02_21_085916_update_column_to_hasil_perakitans_table', 25),
(40, '2021_02_23_013233_create_user_logs_table', 26),
(41, '2021_02_23_014243_update_user_logs_table', 27),
(42, '2021_02_23_014941_create_karyawans_table', 28),
(43, '2021_02_23_015048_create_hasil_perakitan_karyawans_table', 28),
(44, '2021_02_23_065320_update_column_for_hasil_perakitan_table', 29),
(45, '2021_02_25_081547_add_column_for_produks_table', 30),
(46, '2021_02_25_092040_create_paket_produks_table', 31),
(47, '2021_02_25_092117_create_detail_paket_produks_table', 31),
(48, '2021_02_25_115141_update_column_for_parts_table', 32),
(50, '2021_02_25_125802_update_column_2_for_parts_table', 33),
(51, '2021_02_25_132305_update_column_for_bill_of_materials_table', 34),
(52, '2021_02_25_135413_add_column_paket_produk_id_for_detail_paket_produks_table', 35),
(53, '2021_02_25_135825_drop_column_jumlah_for_detail_paket_produks_table', 36),
(54, '2021_02_25_140115_add_column_jumlah_for_detail_paket_produks_table', 37),
(55, '2014_10_12_100000_create_password_resets_table', 38),
(56, '2021_02_26_034338_create_spaons', 39),
(57, '2021_02_26_040010_create_suppliers_table', 40),
(58, '2021_03_01_095129_update_produks_table', 41),
(59, '2021_03_01_095337_update_detail_paket_produks_table', 42),
(60, '2021_03_03_111721_create_pemeriksaan_rakits_table', 43),
(61, '2021_03_03_111746_create_hasil_pemeriksaan_rakits_table', 43),
(62, '2021_03_05_164420_update_column_for_pemeriksaan_rakits_table', 44),
(63, '2021_03_05_165125_update_2_column_for_pemeriksaan_rakits_table', 45),
(64, '2021_03_08_081019_create_stok_produks_table', 46),
(65, '2021_03_08_081027_create_data_stok_produks_table', 46),
(66, '2021_03_05_013058_insert_column_spaons', 47),
(67, '2021_03_16_082125_create_inventories_table', 47),
(68, '2021_03_16_082159_create_detail_inventories_table', 47),
(69, '2021_03_17_145745_update_distributor_columns_jenis_and_update_null_value', 48),
(70, '2021_03_18_134719_update_distributors_insert_ket', 49),
(71, '2021_03_03_134105_update_distributors', 50),
(72, '2021_03_18_094053_create_divisi_inventories_table', 51),
(73, '2021_03_19_082801_update_column_in_inventories_table', 52),
(74, '2021_03_19_084529_update_column_in_detail_inventories_table', 53),
(76, '2021_03_19_105428_update_column_in_divisi_inventories_table', 54),
(77, '2021_03_24_082910_create_peminjamans_table', 55),
(78, '2021_03_24_082920_create_detail_peminjamans_table', 56),
(79, '2021_03_26_012201_add_column_jumlah_tersedia_on_peminjamans_table', 57),
(80, '2021_03_26_014119_delete_column_jumlah_tersedia_on_peminjamans_table', 58),
(81, '2021_03_26_015738_add_column_jumlah_tersedia_on_inventories_table', 59),
(82, '2021_03_25_075607_update_jasa_eks_ubah_nama_kolom_dan_set_null', 60),
(83, '2021_03_29_023001_remove_column_status_on_peminjamans_table', 61),
(84, '2021_03_29_030147_add_column_tanggal_on_detail_peminjamans_table', 62),
(86, '2021_03_29_032742_add_column_status_on_detail_peminjamans_table', 63),
(87, '2021_03_29_033640_add_column_status_on_peminjamans_table', 64),
(88, '2021_04_01_011451_create_detail_spaons', 65),
(90, '2021_04_01_073347_create_ekatjual', 66),
(91, '2021_04_01_083240_create_detail_ekatjuals', 67),
(92, '2021_04_01_093953_drop_spaons', 68),
(93, '2021_04_02_164313_update_column_detail_ekatalog', 69),
(94, '2021_04_03_080951_update_ekatalogs_tgledit', 69),
(97, '2021_04_05_012242_remove_detail_peminjamans_table', 70),
(99, '2021_04_05_012303_remove_column_in_peminjamans_table', 71),
(100, '2021_04_05_012314_add_column_in_peminjamans_table', 72),
(101, '2021_04_05_064907_update_produk_harga', 73),
(102, '2021_04_05_061323_update_column_date_in_peminjamans', 74),
(103, '2021_04_06_082026_create_peminjaman_karyawans_table', 75),
(104, '2021_04_06_082033_create_detail_peminjaman_karyawans_table', 76),
(105, '2021_04_07_043449_update_rename_peminjamans_table', 77),
(106, '2021_04_07_062541_add_column_user_id_to_peminjaman_karyawans_table', 78),
(107, '2021_04_08_014306_add_column_1_in_peminjaman_karyawans_table', 79),
(108, '2021_04_08_064356_create_ecommerces', 80),
(110, '2021_04_08_075839_create_detail_ecommerces', 81),
(111, '2021_04_09_064109_create_offlines', 82),
(112, '2021_04_09_064644_create_detail_offlines', 83),
(113, '2021_04_13_014403_add_column_in_hasil_perakitans_table', 84);

-- --------------------------------------------------------

--
-- Table structure for table `notifications`
--

CREATE TABLE `notifications` (
  `id` char(36) COLLATE utf8mb4_unicode_ci NOT NULL,
  `type` varchar(191) COLLATE utf8mb4_unicode_ci NOT NULL,
  `notifiable_type` varchar(191) COLLATE utf8mb4_unicode_ci NOT NULL,
  `notifiable_id` bigint(20) UNSIGNED NOT NULL,
  `data` text COLLATE utf8mb4_unicode_ci NOT NULL,
  `read_at` timestamp NULL DEFAULT NULL,
  `created_at` timestamp NULL DEFAULT NULL,
  `updated_at` timestamp NULL DEFAULT NULL
) ENGINE=InnoDB DEFAULT CHARSET=utf8mb4 COLLATE=utf8mb4_unicode_ci;

-- --------------------------------------------------------

--
-- Table structure for table `notifikasis`
--

CREATE TABLE `notifikasis` (
  `id` bigint(20) UNSIGNED NOT NULL,
  `judul` varchar(255) COLLATE utf8mb4_unicode_ci DEFAULT NULL,
  `pesan` text COLLATE utf8mb4_unicode_ci DEFAULT NULL,
  `pengirim_id` bigint(20) UNSIGNED NOT NULL,
  `penerima_id` bigint(20) UNSIGNED NOT NULL,
  `halaman_url` text COLLATE utf8mb4_unicode_ci DEFAULT NULL,
  `read_at` timestamp NULL DEFAULT NULL,
  `created_at` timestamp NULL DEFAULT NULL,
  `updated_at` timestamp NULL DEFAULT NULL
) ENGINE=InnoDB DEFAULT CHARSET=utf8mb4 COLLATE=utf8mb4_unicode_ci;

--
-- Dumping data for table `notifikasis`
--

INSERT INTO `notifikasis` (`id`, `judul`, `pesan`, `pengirim_id`, `penerima_id`, `halaman_url`, `read_at`, `created_at`, `updated_at`) VALUES
(1, 'Penambahan BPPB', 'telah menambahkan BPPB', 3, 2, '/bppb', '2021-02-26 07:48:56', '2021-02-20 11:50:08', '2021-02-26 07:48:56'),
(2, 'Penambahan BPPB', 'telah menambahkan BPPB', 3, 2, '/bppb', NULL, '2021-02-23 01:45:09', '2021-02-23 01:45:09'),
(3, 'Penambahan BPPB', 'telah menambahkan BPPB', 3, 2, '/bppb', NULL, '2021-02-23 01:48:48', '2021-02-23 01:48:48'),
(4, 'Perakitan', 'telah menambahkan Laporan Perakitan', 2, 1, '/perakitan', NULL, '2021-02-25 04:44:57', '2021-02-25 04:44:57'),
(5, 'Perakitan', 'telah menambahkan Laporan Perakitan', 2, 1, '/perakitan', NULL, '2021-02-25 04:49:08', '2021-02-25 04:49:08'),
(6, 'Perakitan', 'telah menambahkan Laporan Perakitan', 2, 1, '/perakitan', NULL, '2021-02-25 06:50:58', '2021-02-25 06:50:58'),
(7, 'Perakitan', 'telah menghapus Perakitan 0001/CN01/02/21', 2, 1, '/perakitan', NULL, '2021-02-25 09:54:49', '2021-02-25 09:54:49'),
(8, 'Perakitan', 'telah menghapus Perakitan 0001/CN01/02/21', 2, 1, '/perakitan', NULL, '2021-02-25 09:55:40', '2021-02-25 09:55:40'),
(9, 'Perakitan', 'telah menghapus Perakitan 0006/CN01/02/21', 2, 1, '/perakitan', NULL, '2021-02-26 01:23:12', '2021-02-26 01:23:12'),
(10, 'Penambahan BPPB', 'telah menambahkan BPPB', 3, 2, '/bppb', NULL, '2021-02-26 07:48:04', '2021-02-26 07:48:04'),
(11, 'Perakitan', 'telah menambahkan Laporan Perakitan', 2, 1, '/perakitan', NULL, '2021-02-26 07:54:53', '2021-02-26 07:54:53'),
(12, 'Perakitan', 'telah menghapus Perakitan 0004/CN01/02/21', 2, 1, '/perakitan', NULL, '2021-03-03 01:50:01', '2021-03-03 01:50:01'),
(13, 'Perakitan', 'telah menghapus Perakitan 0004/CN01/02/21', 2, 1, '/perakitan', NULL, '2021-03-03 01:50:10', '2021-03-03 01:50:10'),
(14, 'Perakitan', 'telah menghapus Perakitan 0004/CN01/02/21', 2, 1, '/perakitan', NULL, '2021-03-03 01:50:17', '2021-03-03 01:50:17'),
(15, 'Perakitan', 'telah menghapus Perakitan 0004/CN01/02/21', 2, 1, '/perakitan', NULL, '2021-03-03 01:50:23', '2021-03-03 01:50:23'),
(16, 'Perakitan', 'telah menghapus Perakitan 0004/CN01/02/21', 2, 1, '/perakitan', NULL, '2021-03-03 01:50:36', '2021-03-03 01:50:36'),
(17, 'Penambahan BPPB', 'telah menambahkan BPPB', 3, 2, '/bppb', NULL, '2021-03-09 04:38:56', '2021-03-09 04:38:56'),
(18, 'Penambahan BPPB', 'telah menambahkan BPPB', 3, 2, '/bppb', NULL, '2021-03-09 04:42:47', '2021-03-09 04:42:47'),
(19, 'Perakitan', 'telah menambahkan Laporan Perakitan', 2, 1, '/perakitan', NULL, '2021-03-12 04:19:32', '2021-03-12 04:19:32'),
(20, 'Perakitan', 'telah menambahkan Laporan Perakitan', 2, 1, '/perakitan', NULL, '2021-03-12 04:26:26', '2021-03-12 04:26:26'),
(21, 'Perakitan', 'telah menambahkan Laporan Perakitan', 2, 1, '/perakitan', NULL, '2021-03-12 06:02:51', '2021-03-12 06:02:51'),
(22, 'Perakitan', 'telah menambahkan Laporan Perakitan', 2, 1, '/perakitan', NULL, '2021-03-12 06:15:21', '2021-03-12 06:15:21'),
(23, 'Perakitan', 'telah menambahkan Laporan Perakitan', 2, 1, '/perakitan', NULL, '2021-03-12 06:29:02', '2021-03-12 06:29:02'),
(24, 'Perakitan', 'telah menambahkan Laporan Perakitan', 2, 1, '/perakitan', NULL, '2021-03-12 07:37:04', '2021-03-12 07:37:04'),
(25, 'Perakitan', 'telah menghapus Perakitan ', 2, 1, '/perakitan', NULL, '2021-03-12 07:38:47', '2021-03-12 07:38:47'),
(26, 'Perakitan', 'telah menghapus Perakitan ', 2, 1, '/perakitan', NULL, '2021-03-12 07:40:48', '2021-03-12 07:40:48'),
(27, 'Perakitan', 'telah menghapus Perakitan ', 2, 1, '/perakitan', NULL, '2021-03-12 08:15:08', '2021-03-12 08:15:08'),
(28, 'Perakitan', 'telah menghapus Perakitan ', 2, 1, '/perakitan', NULL, '2021-03-12 08:15:28', '2021-03-12 08:15:28'),
(29, 'Perakitan', 'telah menambahkan Laporan Perakitan', 2, 1, '/perakitan', NULL, '2021-03-15 01:46:24', '2021-03-15 01:46:24');

-- --------------------------------------------------------

--
-- Table structure for table `offlines`
--

CREATE TABLE `offlines` (
  `id` bigint(20) UNSIGNED NOT NULL,
  `order_id` varchar(255) COLLATE utf8mb4_unicode_ci NOT NULL,
  `customer_id` int(11) NOT NULL,
  `status` varchar(255) COLLATE utf8mb4_unicode_ci NOT NULL,
  `bayar` varchar(255) COLLATE utf8mb4_unicode_ci NOT NULL,
  `created_at` timestamp NULL DEFAULT NULL,
  `updated_at` timestamp NULL DEFAULT NULL
) ENGINE=InnoDB DEFAULT CHARSET=utf8mb4 COLLATE=utf8mb4_unicode_ci;

--
-- Dumping data for table `offlines`
--

INSERT INTO `offlines` (`id`, `order_id`, `customer_id`, `status`, `bayar`, `created_at`, `updated_at`) VALUES
(1, 'OFF/IV/2021/1', 3, 'Batal', 'Tunai', '2021-04-09 01:31:32', '2021-04-09 01:31:32'),
(2, 'OFF/IV/2021/2', 21, 'Proses', 'Tunai', '2021-04-09 02:11:19', '2021-04-09 02:11:19'),
(3, 'OFF/IV/2021/3', 29, 'Batal', 'Tunai', '2021-04-09 03:10:25', '2021-04-09 03:10:25');

-- --------------------------------------------------------

--
-- Table structure for table `paket_produks`
--

CREATE TABLE `paket_produks` (
  `id` bigint(20) UNSIGNED NOT NULL,
  `tipe` varchar(191) COLLATE utf8mb4_unicode_ci DEFAULT NULL,
  `harga` double(20,2) DEFAULT NULL,
  `created_at` timestamp NULL DEFAULT NULL,
  `updated_at` timestamp NULL DEFAULT NULL
) ENGINE=InnoDB DEFAULT CHARSET=utf8mb4 COLLATE=utf8mb4_unicode_ci;

--
-- Dumping data for table `paket_produks`
--

INSERT INTO `paket_produks` (`id`, `tipe`, `harga`, `created_at`, `updated_at`) VALUES
(1, 'DSPRO 100 + SP10', 500000.00, '2021-02-25 03:31:02', '2021-02-16 03:31:02'),
(2, 'PROMIST 3 + ULTRAMIST', 4600000.00, '2021-02-17 03:31:43', '2021-02-24 03:31:43'),
(3, 'MAP 308 + Ups', 45000.00, '2021-03-02 00:09:07', '2021-03-02 00:09:07');

-- --------------------------------------------------------

--
-- Table structure for table `parts`
--

CREATE TABLE `parts` (
  `part_id` varchar(255) COLLATE utf8mb4_unicode_ci NOT NULL,
  `klasifikasi` varchar(255) COLLATE utf8mb4_unicode_ci DEFAULT NULL,
  `nama` varchar(255) COLLATE utf8mb4_unicode_ci NOT NULL,
  `jumlah` int(11) NOT NULL,
  `satuan` enum('pcs','set','unit','dus','roll','meter','pack') COLLATE utf8mb4_unicode_ci DEFAULT NULL,
  `harga` double(20,2) DEFAULT NULL,
  `foto` text COLLATE utf8mb4_unicode_ci DEFAULT NULL,
  `layout` varchar(100) COLLATE utf8mb4_unicode_ci DEFAULT NULL,
  `created_at` timestamp NULL DEFAULT NULL,
  `updated_at` timestamp NULL DEFAULT NULL
) ENGINE=InnoDB DEFAULT CHARSET=utf8mb4 COLLATE=utf8mb4_unicode_ci;

--
-- Dumping data for table `parts`
--

INSERT INTO `parts` (`part_id`, `klasifikasi`, `nama`, `jumlah`, `satuan`, `harga`, `foto`, `layout`, `created_at`, `updated_at`) VALUES
('A123', 'UMUM', 'Baut', 13, 'pcs', NULL, NULL, 'L12', '2021-02-25 23:52:12', '2021-02-25 23:52:12'),
('SPBP00A0001', 'Umum', 'APPRON PUTIH SUSU', 1260, '', 0.00, NULL, '', NULL, NULL),
('SPBP00A0002', 'Umum', 'APPRON TRANSPARAN/BENING', 2025, '', 0.00, NULL, '', NULL, NULL),
('SPBP00A0003', 'Umum', 'APPRON DRESS (APPRON-01)', 0, '', 0.00, NULL, '', NULL, NULL),
('SPBP00A0004', 'Umum', 'APPRON CREAM ', 4, '', 0.00, NULL, '', NULL, NULL),
('SPBP00A0005', 'Umum', 'APPRON BIRU', 1, '', 0.00, NULL, '', NULL, NULL),
('SPBP00A0006', 'Umum', 'APPRON MERAH', 418, '', 0.00, NULL, '', NULL, NULL),
('SPBP00B0001', 'Umum', 'BANNER ECG', 0, '', 0.00, NULL, '', NULL, NULL),
('SPBP00B0002', 'Umum', 'BANNER ZTP-80-A', 0, '', 0.00, NULL, '', NULL, NULL),
('SPBP00B0003', 'Umum', 'BROSUR TIMBANGAN  DIGIT PRO', 47, '', 0.00, NULL, 'L23;R1', NULL, NULL),
('SPBP00B0004', 'Umum', 'BROSUR ECG 100 G', 103, '', 0.00, NULL, 'L23;R2', NULL, NULL),
('SPBP00B0005', 'Umum', 'BROSUR FETAL DOPLER SON- A/ B', 557, '', 0.00, NULL, 'L23;R1', NULL, NULL),
('SPBP00B0006', 'Umum', 'BROSUR FETAL DOPLER SON- A', 0, '', 0.00, NULL, '', NULL, NULL),
('SPBP00B0007', 'Umum', 'BROSUR ECG 1200 G', 43, '', 0.00, NULL, 'L23;R2', NULL, NULL),
('SPBP00B0008', 'Umum', 'BROSUR ECG 300 G', 1553, '', 0.00, NULL, 'L23;R1', NULL, NULL),
('SPBP00B0009', 'Umum', 'BROSUR FOX', 1035, '', 0.00, NULL, 'L23;R1', NULL, NULL),
('SPBP00B0010', 'Umum', 'BROSUR NEBULIZER', 3802, '', 0.00, NULL, 'L23;R4', NULL, NULL),
('SPBP00B0011', 'Umum', 'BROSUR PM 9000+', 300, '', 0.00, NULL, 'L23;R1', NULL, NULL),
('SPBP00B0012', 'Umum', 'BROSUR PM 6500', 4, '', 0.00, NULL, 'L23;R4', NULL, NULL),
('SPBP00B0013', 'Umum', 'BROSUR PM VS 5000', 3, '', 0.00, NULL, 'L23;R4', NULL, NULL),
('SPBP00B0014', 'Umum', 'BROSUR  FETAL DOPLER  SON- PRO', 60, '', 0.00, NULL, 'L23;R2', NULL, NULL),
('SPBP00B0015', 'Umum', 'BROSUR ZTP 80 ECO', 77, '', 0.00, NULL, 'L23;R2', NULL, NULL),
('SPBP00B0016', 'Umum', 'BROSUR ZTP 80 UPGRADE', 0, '', 0.00, NULL, '', NULL, NULL),
('SPBP00B0017', 'Umum', 'BROSUR GET 338 UO', 0, '', 0.00, NULL, '', NULL, NULL),
('SPBP00B0018', 'Umum', 'BROSUR LKPP PT. SINKO PRIMA ALLOY VERSI 1', 938, '', 0.00, NULL, 'L23;R2,3', NULL, NULL),
('SPBP00B0019', 'Umum', 'BROSUR EMII LKPP', 188, '', 0.00, NULL, 'L23;R2', NULL, NULL),
('SPBP00B0020', 'Umum', 'BROSUR WT,OZ,OW,& LS', 427, '', 0.00, NULL, '', NULL, NULL),
('SPBP00B0021', 'Umum', 'BROSUR LKPP PT. SINKO PRIMA ALLOY VERSI 2 (2018)', 2857, '', 0.00, NULL, '', NULL, NULL),
('SPBP00B0022', 'Umum', 'BROSUR TIMBANGAN BABY ONE', 3, '', 0.00, NULL, 'L23;R.4', NULL, NULL),
('SPBP00B0023', 'Umum', 'BROSUR PERALATAN ANESTESI', 59, '', 0.00, NULL, 'L23;R2', NULL, NULL),
('SPBP00B0024', 'Umum', 'BROSUR PERALATAN KARDIOLOGI', 54, '', 0.00, NULL, 'L23;R2', NULL, NULL),
('SPBP00B0025', 'Umum', 'BROSUR PERALATAN GIGI', 82, '', 0.00, NULL, 'L23;R2', NULL, NULL),
('SPBP00B0026', 'Umum', 'BROSUR PERALATAN OBSTETRIK,GENEKOLOGI', 80, '', 0.00, NULL, 'L23;R2', NULL, NULL),
('SPBP00B0027', 'Umum', 'BROSUR PERALATAN RSU DAN PERORANGAN', 55, '', 0.00, NULL, 'L23;R4', NULL, NULL),
('SPBP00B0028', 'Umum', 'BROSUR PRODUK LIST CONTECT', 35, '', 0.00, NULL, 'L22;R1', NULL, NULL),
('SPBP00B0029', 'Umum', 'BUKU PHMS CONTEC', 9, '', 0.00, NULL, 'L22;R1', NULL, NULL),
('SPBP00B0031', 'Buku Katalog Mentor 2019', 'BATERAI VRLA', 0, '', 0.00, NULL, '', NULL, NULL),
('SPBP00B0032', 'Buku Katalog Mentor 2019', 'BATERAI KOTAK 9V', 48, '', 0.00, NULL, '', NULL, NULL),
('SPBP00K0001', 'Buku Katalog Mentor 2019', 'KARTU GARANSI ELITECH VANWARD', 5200, '', 0.00, NULL, 'L22;R2', NULL, NULL),
('SPBP00K0002', 'Buku Katalog Mentor 2019', 'KARTU GARANSI PRODUK ELITECH', 7064, '', 0.00, NULL, '', NULL, NULL),
('SPBP00K0003', 'Buku Katalog Mentor 2019', 'KABEL POWER SNI 3X1 SQmmX2m', 488, '', 0.00, NULL, '', NULL, NULL),
('SPBP00K0004', 'Buku Katalog Mentor 2019', 'KABEL POWER SNI 3X0,75 SQmmX2m', 107, '', 0.00, NULL, '', NULL, NULL),
('SPBP00L0001', 'Buku Katalog Mentor 2019', 'LAKBAN ELITECH', 1146, '', 0.00, NULL, '', NULL, NULL),
('SPBP00O0001', 'Buku Katalog Mentor 2019', 'OUTER APRON (355X245X75)', 1080, '', 0.00, NULL, '', NULL, NULL),
('SPBP00P0001', 'Buku Katalog Mentor 2019', 'PLASTIK 16 X 25 (FOX,FD,TO,TM,TD,LS-UO,UP)', 2208, '', 0.00, NULL, '', NULL, NULL),
('SPBP00P0002', 'Buku Katalog Mentor 2019', 'PLASTIK 11 X 17 (KARTU GARANSI ALL PRODUK)', 4974, '', 0.00, NULL, '', NULL, NULL),
('SPBP00P0003', 'Buku Katalog Mentor 2019', 'PLASTIK 9 X 14', 0, '', 0.00, NULL, '', NULL, NULL),
('SPBP00P0004', 'Buku Katalog Mentor 2019', 'PLASTIK 20 X 25 / 30', 4100, '', 0.00, NULL, '', NULL, NULL),
('SPBP00P0005', 'Buku Katalog Mentor 2019', 'PLASTIK 13 X 20', 4400, '', 0.00, NULL, '', NULL, NULL),
('SPBP00P0006', 'Buku Katalog Mentor 2019', 'PLASTIK 25 X 35', 3200, '', 0.00, NULL, '', NULL, NULL),
('SPBP00P0007', 'Buku Katalog Mentor 2019', 'PLASTIK 45 X 75', 90, '', 0.00, NULL, '', NULL, NULL),
('SPBP00P0008', 'Buku Katalog Mentor 2019', 'PETUNJUK PENGGUNAAN APPRON', 0, '', 0.00, NULL, '', NULL, NULL),
('SPBP00P0009', 'Buku Katalog Mentor 2019', 'PLASTIK 38,5 X 25', 990, '', 0.00, NULL, '', NULL, NULL),
('SPBP00P0010', 'Buku Katalog Mentor 2019', 'POWER BANK 8000 mAh (SILVER)', 86, '', 0.00, NULL, '', NULL, NULL),
('SPBP00P0011', 'Buku Katalog Mentor 2019', 'POWER BANK 12000 mAh (SILVER)', 20, '', 0.00, NULL, '', NULL, NULL),
('SPBP00P0012', 'Buku Katalog Mentor 2019', 'POWER BANK 12000 mAh (GOLD)', 22, '', 0.00, NULL, '', NULL, NULL),
('SPBP00P0013', 'Buku Katalog Mentor 2019', 'POWER BANK 12000 mAh (HITAM)', 15, '', 0.00, NULL, '', NULL, NULL),
('SPBP00P0014', 'Buku Katalog Mentor 2019', 'POWER BANK 12000 mAh (PINK)', 32, '', 0.00, NULL, '', NULL, NULL),
('SPBP00S0001', 'Buku Katalog Mentor 2019', 'STICKER SEGEL GARANSI ELITECH', 19465, '', 0.00, NULL, '', NULL, NULL),
('SPBP00S0002', 'Buku Katalog Mentor 2019', 'STICKER SEGEL PRODUKSI', 51951, '', 0.00, NULL, '', NULL, NULL),
('SPCN00C0001', 'Umum', 'CABLE FIXER', 280, '', 0.00, NULL, 'L15; R1B', NULL, NULL),
('SPCN00F0002', 'Umum', 'FILTER COTTON', 7663, '', 0.00, NULL, '', NULL, NULL),
('SPCN00K0001', 'Umum', 'KABEL TIES', 2600, '', 0.00, NULL, 'L15; R1H', NULL, NULL),
('SPCN00R0001', 'Umum', 'ROUND CUSHION', 390, '', 0.00, NULL, 'L15; R1A', NULL, NULL),
('SPCN00S0001', 'Umum', 'SCREW ST 3,5 X 12 ', 1877, '', 0.00, NULL, 'L15; R1H', NULL, NULL),
('SPCN00S0002', 'Umum', 'SCREW ST 2,5 X 7,5 ', 760, '', 0.00, NULL, 'L15; R15H', NULL, NULL),
('SPCN00S0003', 'Umum', 'SQUARE CUSHION', 795, '', 0.00, NULL, 'L15; R1C,D,F', NULL, NULL),
('SPCN00T0001', 'Umum', 'TAS NEBULIZER NEW ( UNTUK PROMIST 1,2,3 )', 556, '', 0.00, NULL, '', NULL, NULL),
('SPCN01A0001', 'Promist 1', 'ADULT MASK', 100, '', 0.00, NULL, '', NULL, NULL),
('SPCN01A0002', 'Promist 1', 'ADULT MASK (BIRU HALUS)', 279, '', 0.00, NULL, '', NULL, NULL),
('SPCN01A0003', 'Promist 1', 'ADULT MASK (BIRU GERIGI)', 328, '', 0.00, NULL, '', NULL, NULL),
('SPCN01B0001', 'Promist 1', 'BAUT  M3X10', 1848, '', 0.00, NULL, 'L15;R2G', NULL, NULL),
('SPCN01B0002', 'Promist 1', 'BUKU MANUAL PROMIST 1', 301, '', 0.00, NULL, 'L15;R2G', NULL, NULL),
('SPCN01B0003', 'Promist 1', 'BUKU MANUAL PROMIST INDONESIA', 100, '', 0.00, NULL, '', NULL, NULL),
('SPCN01C0001', 'Promist 1', 'CASSING ATAS', 44, '', 0.00, NULL, '', NULL, NULL),
('SPCN01C0002', 'Promist 1', 'CASSING BAWAH', 60, '', 0.00, NULL, 'L15;R2C', NULL, NULL),
('SPCN01C0002a', 'Promist 1', 'COMPRESSOR PROMIST 1', 140, '', 0.00, NULL, '', NULL, NULL),
('SPCN01C0003', 'Promist 1', 'CUP TEMPAT OBAT BARU BESAR', 7, '', 0.00, NULL, 'L15;R2A', NULL, NULL),
('SPCN01C0004', 'Promist 1', 'CUP LAMA', 1304, '', 0.00, NULL, '', NULL, NULL),
('SPCN01C0005', 'Promist 1', 'CUP ASESORIES LAMA', 141, '', 0.00, NULL, '', NULL, NULL),
('SPCN01C0007', 'Promist 1', 'CUP TEMPAT OBAT  ORANGE NEBULIZER (NEW)', 184, '', 0.00, NULL, '', NULL, NULL),
('SPCN01C0008', 'Promist 1', 'CUP ASESORIES (DARI BIO MEDICAL )', 0, '', 0.00, NULL, 'QC', NULL, NULL),
('SPCN01C0009', 'Promist 1', 'CHILDREN MASK', 100, '', 0.00, NULL, '', NULL, NULL),
('SPCN01C0010', 'Promist 1', 'CHILDREN MASK (BIRU)', 509, '', 0.00, NULL, '', NULL, NULL),
('SPCN01F0001', 'Promist 1', 'FUSE 2A', 3769, '', 0.00, NULL, 'L15; R2A', NULL, NULL),
('SPCN01G0001', 'Promist 1', 'GABUS PUTIH', 756, '', 0.00, NULL, 'L15; R2E', NULL, NULL),
('SPCN01I0001', 'Promist 1', 'INER NEBULIZER ', 11, '', 0.00, NULL, 'E-10', NULL, NULL),
('SPCN01I0002', 'Promist 1', 'ISOLASI BAKAR', 178, '', 0.00, NULL, 'L15;R2D', NULL, NULL),
('SPCN01K0001', 'Promist 1', 'KABEL FUSE + SOCKET', 0, '', 0.00, NULL, '', NULL, NULL),
('SPCN01K0002', 'Promist 1', 'KABEL HITAM+ SOCKET', 0, '', 0.00, NULL, '', NULL, NULL),
('SPCN01K0003', 'Promist 1', 'KABEL MERAH + FUSE HOLDER', 10, '', 0.00, NULL, 'L15;R2D', NULL, NULL),
('SPCN01K0004', 'Promist 1', 'KABEL POWER HITAM', 0, '', 0.00, NULL, '', NULL, NULL),
('SPCN01K0005', 'Promist 1', 'KABEL POWER PUTIH', 2, '', 0.00, NULL, 'L15;R2E', NULL, NULL),
('SPCN01K0006', 'Promist 1', 'KABEL POWER (SUCOFINDO)', 3, '', 0.00, NULL, 'L15;R2B', NULL, NULL),
('SPCN01K0007', 'Promist 1', 'KAKI BULAT BESAR', 8, '', 0.00, NULL, 'L15;R2B', NULL, NULL),
('SPCN01K0008', 'Promist 1', 'KARET BULAT KECIL', 71, '', 0.00, NULL, 'L15;R2B', NULL, NULL),
('SPCN01K0009', 'Promist 1', 'KARET KOTAK BESAR ', 200, '', 0.00, NULL, 'L15;R2B', NULL, NULL),
('SPCN01K0010', 'Promist 1', 'KABEL POWER PUTIH + KABEL MERAH + FUSE HOLDER', 150, '', 0.00, NULL, '', NULL, NULL),
('SPCN01M0001', 'Promist 1', 'MIKA PEMBUNGKUS KANAN', 88, '', 0.00, NULL, 'L15;R2D', NULL, NULL),
('SPCN01M0002', 'Promist 1', 'MIKA PEMBUNGKUS KIRI', 43, '', 0.00, NULL, 'L15;R2E', NULL, NULL),
('SPCN01M0003', 'Promist 1', 'MOTOR POMPA/ MESIN', 0, '', 0.00, NULL, '', NULL, NULL),
('SPCN01O0001', 'Promist 1', 'OUTER NEBULIZER NEW (COKLAT)', 457, '', 0.00, NULL, 'E-10', NULL, NULL),
('SPCN01P0001', 'Promist 1', 'PLASTIK PEMBUNGKUS', 1, '', 0.00, NULL, 'L15;R2B', NULL, NULL),
('SPCN01P0002', 'Promist 1', 'PACKING FOAM ATAS', 40, '', 0.00, NULL, '', NULL, NULL),
('SPCN01P0003', 'Promist 1', 'PACKING FOAM BAWAH', 60, '', 0.00, NULL, '', NULL, NULL),
('SPCN01S0001', 'Promist 1', 'SELANG PUTIH PENDEK', 470, '', 0.00, NULL, 'L15;R2F', NULL, NULL),
('SPCN01S0002', 'Promist 1', 'SOCKET AC INPUT', 18, '', 0.00, NULL, 'L15;R2B', NULL, NULL),
('SPCN01S0003', 'Promist 1', 'SPRING PANJANG', 100, '', 0.00, NULL, '', NULL, NULL),
('SPCN01S0004', 'Promist 1', 'SPRING PENDEK', 650, '', 0.00, NULL, 'L15;R2B', NULL, NULL),
('SPCN01S0005', 'Promist 1', 'STICKER BACK KOMPRESOR', 1059, '', 0.00, NULL, 'L15;R2B', NULL, NULL),
('SPCN01S0006', 'Promist 1', 'STICKER ELITECH OVAL', 1004, '', 0.00, NULL, 'L15;R2B', NULL, NULL),
('SPCN01S0007', 'Promist 1', 'SWITCH ON/ OFF (HIJAU)', 100, '', 0.00, NULL, 'L15;R2D', NULL, NULL),
('SPCN01S0008', 'Promist 1', 'SELANG PUTIH PANJANG', 0, '', 0.00, NULL, '', NULL, NULL),
('SPCN01S0009', 'Promist 1', 'SERIAL NUMBER', 100, '', 0.00, NULL, '', NULL, NULL),
('SPCN01T0001', 'Promist 1', 'TAS PROMIST 1', 11, '', 0.00, NULL, '', NULL, NULL),
('SPCN01T0002', 'Promist 1', 'TUTUP FILTER', 88, '', 0.00, NULL, 'L15;R2B', NULL, NULL),
('SPCN01T0003', 'Promist 1', 'TUTUP CUFF', 13, '', 0.00, NULL, 'L15;R2B', NULL, NULL),
('SPCN02A0001', 'Promist 2', 'ADULT MASK BIRU VERSI 1', 198, '', 0.00, NULL, '', NULL, NULL),
('SPCN02A0002', 'Promist 2', 'AIR INLET', 300, '', 0.00, NULL, 'L15; R1C', NULL, NULL),
('SPCN02A0003', 'Promist 2', 'AIR OUTLET', 299, '', 0.00, NULL, 'L15; R1B', NULL, NULL),
('SPCN02A0004', 'Promist 2', 'AIR OUTLET FIXER', 316, '', 0.00, NULL, 'L15; R1B', NULL, NULL),
('SPCN02A0005', 'Promist 2', 'ADULT MASK  ORANGE VERSI 2', 151, '', 0.00, NULL, '', NULL, NULL),
('SPCN02C0002', 'Promist 2', 'CABLE PROTECTIVE COVER', 196, '', 0.00, NULL, 'L15; R1B', NULL, NULL),
('SPCN02C0003', 'Promist 2', 'CHILDREN MASK ORANGE VERSI 1', 198, '', 0.00, NULL, '', NULL, NULL),
('SPCN02C0004', 'Promist 2', 'COMPRESSOR', 196, '', 0.00, NULL, '', NULL, NULL),
('SPCN02C0005', 'Promist 2', 'CHILDREN MASK ORANGE VERSI 2', 152, '', 0.00, NULL, '', NULL, NULL),
('SPCN02F0002', 'Promist 2', 'FOAM', 298, '', 0.00, NULL, '', NULL, NULL),
('SPCN02F0003', 'Promist 2', 'FUSE', 598, '', 0.00, NULL, 'L15; R1B', NULL, NULL),
('SPCN02L0001', 'Promist 2', 'LASDOP', 185, '', 0.00, NULL, 'L15; R1B', NULL, NULL),
('SPCN02L0002', 'Promist 2', 'LOWER CHASING', 299, '', 0.00, NULL, '', NULL, NULL),
('SPCN02P0001', 'Promist 2', 'POWER CABLE', 199, '', 0.00, NULL, '', NULL, NULL),
('SPCN02P0002', 'Promist 2', 'POWER SWITCH', 300, '', 0.00, NULL, 'L15; R1A', NULL, NULL),
('SPCN02S0001', 'Promist 2', 'SAFETY BAS + FUSE', 198, '', 0.00, NULL, '', NULL, NULL),
('SPCN02S0002', 'Promist 2', 'SERIAL NUMBER', 298, '', 0.00, NULL, 'L15; R1B', NULL, NULL),
('SPCN02U0001', 'Promist 2', 'UPPER CHASING', 299, '', 0.00, NULL, '', NULL, NULL),
('SPCN02U0002', 'Promist 2', 'UPPER COVER', 297, '', 0.00, NULL, '', NULL, NULL),
('SPCN02U0003', 'Promist 2', 'USER MANUAL', 300, '', 0.00, NULL, 'L15; R1G', NULL, NULL),
('SPCN02W0001', 'Promist 2', 'WIRE TENSION CAP', 0, '', 0.00, NULL, '', NULL, NULL),
('SPCN03A0001', 'Promist 3', 'AIR PUMP', 516, '', 0.00, NULL, '', NULL, NULL),
('SPCN03B0001', 'Promist 3', 'BOTTOM CASE/ LOWER CHASING.', 516, '', 0.00, NULL, '', NULL, NULL),
('SPCN03B0002', 'Promist 3', 'BOX HANDLE', 996, '', 0.00, NULL, '', NULL, NULL),
('SPCN03B0003', 'Promist 3', 'BUKU PETUNJUK PENGGUNAAN PROMIST 3', 100, '', 0.00, NULL, '', NULL, NULL),
('SPCN03C0001', 'Promist 3', 'CABLE TIES', 310, '', 0.00, NULL, 'L15;R4B', NULL, NULL),
('SPCN03C0002', 'Promist 3', 'CLAMP', 1145, '', 0.00, NULL, 'L15;R4C', NULL, NULL),
('SPCN03C0003', 'Promist 3', 'CONNECTING LINE 1', 521, '', 0.00, NULL, 'L15;R3G', NULL, NULL),
('SPCN03C0004', 'Promist 3', 'CONNECTING LINE 2', 529, '', 0.00, NULL, 'L15;R3H', NULL, NULL),
('SPCN03C0005', 'Promist 3', 'CONNECTING LINE 7', 505, '', 0.00, NULL, 'L15;R3G', NULL, NULL),
('SPCN03F0001', 'Promist 3', 'FILTER COTTON', 2470, '', 0.00, NULL, '', NULL, NULL),
('SPCN03F0002', 'Promist 3', 'FILTER COVER', 538, '', 0.00, NULL, '', NULL, NULL),
('SPCN03F0003', 'Promist 3', 'FUSE  3A', 1558, '', 0.00, NULL, 'L15;R3A', NULL, NULL),
('SPCN03F0004', 'Promist 3', 'FUSE HOLDER', 518, '', 0.00, NULL, 'L15;R3B', NULL, NULL),
('SPCN03H0001', 'Promist 3', 'HANDLE BUCKLE', 1000, '', 0.00, NULL, '', NULL, NULL),
('SPCN03I0001', 'Promist 3', 'IN SPRING', 536, '', 0.00, NULL, 'L15;R3F', NULL, NULL),
('SPCN03M0001', 'Promist 3', 'MUR M10', 522, '', 0.00, NULL, 'L15;R3A', NULL, NULL),
('SPCN03N0001', 'Promist 3', 'NEBULIZER KITS', 509, '', 0.00, NULL, '', NULL, NULL),
('SPCN03N0002', 'Promist 3', 'NASAL SPRAY KITS', 2, '', 0.00, NULL, '', NULL, NULL),
('SPCN03O0001', 'Promist 3', 'OUT SPRING', 532, '', 0.00, NULL, 'L15;R3F', NULL, NULL),
('SPCN03O0002', 'Promist 3', 'OUTER NEBULIZER PROMIST 3 (300X260X236)', 526, '', 0.00, NULL, 'E-10', NULL, NULL),
('SPCN03P0001', 'Promist 3', 'PACKING COTTON', 1042, '', 0.00, NULL, '', NULL, NULL),
('SPCN03P0002', 'Promist 3', 'PE BAGS FOR FILTER COTTON', 500, '', 0.00, NULL, '', NULL, NULL),
('SPCN03P0003', 'Promist 3', 'PE BAGS FOR FUSE', 500, '', 0.00, NULL, '', NULL, NULL),
('SPCN03P0004', 'Promist 3', 'PE BAGS FOR INSTRUCTION', 500, '', 0.00, NULL, '', NULL, NULL),
('SPCN03P0005', 'Promist 3', 'PE BAGS FOR POWER LINE', 500, '', 0.00, NULL, '', NULL, NULL),
('SPCN03P0006', 'Promist 3', 'PE FLAT BAGS', 500, '', 0.00, NULL, '', NULL, NULL),
('SPCN03P0007', 'Promist 3', 'PLASTIC PLATE', 505, '', 0.00, NULL, '', NULL, NULL),
('SPCN03P0008', 'Promist 3', 'POWER CORD', 525, '', 0.00, NULL, '', NULL, NULL),
('SPCN03P0009', 'Promist 3', 'PUMP GASKET TC01', 1102, '', 0.00, NULL, 'L15;R4A, B', NULL, NULL),
('SPCN03P0010', 'Promist 3', 'PUMP GASKET TC02', 1127, '', 0.00, NULL, 'L15;R4A', NULL, NULL),
('SPCN03P0011', 'Promist 3', 'PUMP GASKET TC03', 1110, '', 0.00, NULL, 'L15;R4C', NULL, NULL),
('SPCN03P0012', 'Promist 3', 'PUMP SUPPORT', 518, '', 0.00, NULL, '', NULL, NULL),
('SPCN03R0001', 'Promist 3', 'RING PLASTIK', 522, '', 0.00, NULL, 'L15;R3A', NULL, NULL),
('SPCN03R0002', 'Promist 3', 'RUBBER GASKET', 2258, '', 0.00, NULL, 'L15;R4D, E, F', NULL, NULL),
('SPCN03S0001', 'Promist 3', 'SILICONE TUBE PANJANG', 518, '', 0.00, NULL, 'L15;R4G', NULL, NULL),
('SPCN03S0002', 'Promist 3', 'SILICONE TUBE PENDEK', 535, '', 0.00, NULL, '', NULL, NULL),
('SPCN03S0003', 'Promist 3', 'SOCKET', 548, '', 0.00, NULL, 'L15;R4G', NULL, NULL),
('SPCN03S0004', 'Promist 3', 'SWITCH', 516, '', 0.00, NULL, 'L15;R3C,D,E,F', NULL, NULL),
('SPCN03SC001', 'Promist 3', 'SCREW M3 X10', 2999, '', 0.00, NULL, 'L15;R4F', NULL, NULL),
('SPCN03SC002', 'Promist 3', 'SCREW M3X8', 1127, '', 0.00, NULL, 'L15;R4F', NULL, NULL),
('SPCN03SC003', 'Promist 3', 'SCREW M4 X 12', 4107, '', 0.00, NULL, 'L15;R4H', NULL, NULL),
('SPCN03SC004', 'Promist 3', 'SCREW M4 X 20', 3511, '', 0.00, NULL, 'L15;R4H', NULL, NULL),
('SPCN03SC005', 'Promist 3', 'SCREW M4 X 18', 4576, '', 0.00, NULL, 'L15;R4H', NULL, NULL),
('SPCN03T0001', 'Promist 3', 'TUTUP FUSE', 519, '', 0.00, NULL, 'L15;R3B', NULL, NULL),
('SPCN03U0001', 'Promist 3', 'UPPER CASE', 518, '', 0.00, NULL, '', NULL, NULL),
('SPCN03U0003', 'Promist 3', 'UPPER HANDLE (COMPRESSOR HANDLE)', 500, '', 0.00, NULL, '', NULL, NULL),
('SPTD00B0001', 'Umum', 'BAUT PCB / M 1,3 X 5', 34064, '', 0.00, NULL, 'L19;R1A', NULL, NULL),
('SPTD00B0002', 'Umum', 'BUKU MANUAL DIGIT-ONE/ DIGIT PRO(INGGRIS)', 6838, '', 0.00, NULL, 'L20;R1', NULL, NULL),
('SPTD00J0001', 'Umum', 'JIG (Alat bantu untuk produksi)', 0, '', 0.00, NULL, '', NULL, NULL),
('SPTD00K0001', 'Umum', 'KOIN SENSOR', 17473, '', 0.00, NULL, 'L19;R1E', NULL, NULL),
('SPTD00O0001', 'Umum', 'OUTER ANTROPOMETRI KIT SET ', 350, '', 0.00, NULL, '', NULL, NULL),
('SPTD00O0002', 'Umum', 'OUTER TIMBANGAN (DIGIT PRO, IDA, BMI, BODY FAT)', 2054, '', 0.00, NULL, '', NULL, NULL),
('SPTD00P0001', 'Umum', 'PLASTIK TIMBANGAN', 8860, '', 0.00, NULL, 'D1;P3', NULL, NULL),
('SPTD00S0001', 'Umum', 'SENSOR TIMBANGAN', 8860, '', 0.00, NULL, 'E9P-', NULL, NULL),
('SPTD00S0002', 'Umum', 'SEGEL GARANSI ELITECH', 226, '', 0.00, NULL, 'L19;R1F', NULL, NULL),
('SPTD00S0003', 'Umum', 'SPON / KARET HITAM/RUBBER PAD', 10758, '', 0.00, NULL, 'D1;P3', NULL, NULL),
('SPTD00S0004', 'Umum', 'SPRING (-)', 9474, '', 0.00, NULL, 'L19;R1H', NULL, NULL),
('SPTD00S0005', 'Umum', 'SPRING (+)', 9186, '', 0.00, NULL, 'L19;R1G', NULL, NULL),
('SPTD00S0006', 'Umum', 'SPRING (+/-)', 9108, '', 0.00, NULL, 'L19;R1G,R2A', NULL, NULL),
('SPTD00S0007', 'Umum', 'STICKER ROLL 3M- LEBAR 0.6mm', 227, '', 0.00, NULL, 'L20;R2', NULL, NULL),
('SPTD00T0001', 'Umum', 'TAS ANTROPROMETRI KIT', 39, '', 0.00, NULL, 'konsinyasi', NULL, NULL),
('SPTD01B0001', 'Digit One', 'BACKLIGHT DIGIT ONE', 763, '', 0.00, NULL, 'L19;R1B', NULL, NULL),
('SPTD01CA001', 'Digit One', 'CASING ATAS KANAN ABU-ABU ', 0, '', 0.00, NULL, 'D1;P5', NULL, NULL),
('SPTD01CA002', 'Digit One', 'CASING ATAS KANAN HIJAU', 0, '', 0.00, NULL, 'D1;P5', NULL, NULL),
('SPTD01CA003', 'Digit One', 'CASING ATAS KANAN HITAM', 167, '', 0.00, NULL, 'D1;P5,8', NULL, NULL),
('SPTD01CA004', 'Digit One', 'CASING ATAS KANAN KUNING', 0, '', 0.00, NULL, 'D1;P5', NULL, NULL),
('SPTD01CA005', 'Digit One', 'CASING ATAS KANAN PINK', 0, '', 0.00, NULL, 'D1;P5', NULL, NULL),
('SPTD01CA006', 'Digit One', 'CASING ATAS KANAN PUTIH', 0, '', 0.00, NULL, 'D1;P5', NULL, NULL),
('SPTD01CA007', 'Digit One', 'CASING ATAS KIRI ABU-ABU', 438, '', 0.00, NULL, 'D1;P4,8', NULL, NULL),
('SPTD01CA008', 'Digit One', 'CASING ATAS KIRI ABU-ABU SABLON NICKEY', 0, '', 0.00, NULL, 'D1;P8', NULL, NULL),
('SPTD01CA009', 'Digit One', 'CASING ATAS KIRI ABU-ABU SABLON ELITECH', 0, '', 0.00, NULL, '', NULL, NULL),
('SPTD01CA010', 'Digit One', 'CASING ATAS KIRI HIJAU', 44, '', 0.00, NULL, 'D1;P8', NULL, NULL),
('SPTD01CA011', 'Digit One', 'CASING ATAS KIRI HIJAU SABLON ELITECH', 81, '', 0.00, NULL, 'D1;P8', NULL, NULL),
('SPTD01CA012', 'Digit One', 'CASING ATAS KIRI HIJAU SABLON NICKEY', 104, '', 0.00, NULL, 'D1;P8', NULL, NULL),
('SPTD01CA013', 'Digit One', 'CASING ATAS KIRI HITAM', 230, '', 0.00, NULL, 'D1;P4,7,8', NULL, NULL),
('SPTD01CA014', 'Digit One', 'CASING ATAS KIRI HITAM SABLON ELITECH', 100, '', 0.00, NULL, 'D1;P8', NULL, NULL),
('SPTD01CA015', 'Digit One', 'CASING ATAS KIRI KUNING', 0, '', 0.00, NULL, 'D1;P8', NULL, NULL),
('SPTD01CA016', 'Digit One', 'CASING ATAS KIRI KUNING NICKEY', 0, '', 0.00, NULL, 'D1;P8', NULL, NULL),
('SPTD01CA017', 'Digit One', 'CASING ATAS KIRI KUNING SABLON ELITECH', 105, '', 0.00, NULL, 'D1;P8', NULL, NULL),
('SPTD01CA018', 'Digit One', 'CASING ATAS KIRI PINK', 192, '', 0.00, NULL, 'D1;P4,8', NULL, NULL),
('SPTD01CA019', 'Digit One', 'CASING ATAS KIRI PINK SABLON ELITECH', 69, '', 0.00, NULL, '', NULL, NULL),
('SPTD01CA020', 'Digit One', 'CASING ATAS KIRI PINK SABLON NICKEY', 0, '', 0.00, NULL, 'D1;P8', NULL, NULL),
('SPTD01CA021', 'Digit One', 'CASING ATAS KIRI PUTIH', 119, '', 0.00, NULL, 'D1;P8', NULL, NULL),
('SPTD01CA022', 'Digit One', 'CASING ATAS KIRI PUTIH SABLON ELITECH', 202, '', 0.00, NULL, 'D1;P8', NULL, NULL),
('SPTD01CB001', 'Digit One', 'CASING BAWAH KANAN ABU-ABU', 0, '', 0.00, NULL, 'D1;P7', NULL, NULL),
('SPTD01CB002', 'Digit One', 'CASING BAWAH KANAN HITAM', 220, '', 0.00, NULL, 'D1;P7', NULL, NULL),
('SPTD01CB003', 'Digit One', 'CASING BAWAH KANAN KUNING', 163, '', 0.00, NULL, 'D1;P7', NULL, NULL),
('SPTD01CB004', 'Digit One', 'CASING BAWAH KANAN PUTIH', 182, '', 0.00, NULL, 'D1;P7', NULL, NULL),
('SPTD01CB005', 'Digit One', 'CASING BAWAH KANAN HIJAU', 114, '', 0.00, NULL, 'D1;P7', NULL, NULL),
('SPTD01CB006', 'Digit One', 'CASING BAWAH KANAN PINK', 124, '', 0.00, NULL, 'D1;P7', NULL, NULL),
('SPTD01CB007', 'Digit One', 'CASING BAWAH KIRI ABU-ABU', 529, '', 0.00, NULL, 'D1;P6', NULL, NULL),
('SPTD01CB008', 'Digit One', 'CASING BAWAH KIRI HIJAU', 115, '', 0.00, NULL, 'D1;P6,8', NULL, NULL),
('SPTD01CB009', 'Digit One', 'CASING BAWAH KIRI HITAM', 230, '', 0.00, NULL, 'D1;P6', NULL, NULL),
('SPTD01CB010', 'Digit One', 'CASING BAWAH KIRI KUNING', 0, '', 0.00, NULL, 'D1;P6', NULL, NULL),
('SPTD01CB011', 'Digit One', 'CASING BAWAH KIRI PINK', 0, '', 0.00, NULL, 'D1;P6', NULL, NULL),
('SPTD01CB012', 'Digit One', 'CASING BAWAH KIRI PUTIH', 181, '', 0.00, NULL, 'D1;P6', NULL, NULL),
('SPTD01I0001', 'Digit One', 'INER DIGIT-ONE', 0, '', 0.00, NULL, '', NULL, NULL),
('SPTD01I0002', 'Digit One', 'INER DIGIT-ONE NICKEY', 432, '', 0.00, NULL, 'F2;P7', NULL, NULL),
('SPTD01K0001', 'Digit One', 'KABEL HITAM 7 CM', 534, '', 0.00, NULL, 'L19;R1A', NULL, NULL),
('SPTD01K0002', 'Digit One', 'KABEL MERAH', 752, '', 0.00, NULL, 'L19;R1C', NULL, NULL),
('SPTD01K0003', 'Digit One', 'KACA TIMBANGAN DIGIT-ONE', 0, '', 0.00, NULL, '(BLOK D)', NULL, NULL),
('SPTD01K0004', 'Digit One', 'KARET KARBON DIGIT-ONE', 2282, '', 0.00, NULL, 'L19;R1D', NULL, NULL),
('SPTD01L0001', 'Digit One', 'LCD DIGIT-ONE', 919, '', 0.00, NULL, 'L19;R3,4,5,L20;R5', NULL, NULL),
('SPTD01L0002', 'Digit One', 'LCD DIGIT-ONE + BACKLIGHT', 1890, '', 0.00, NULL, 'L19;R5', NULL, NULL),
('SPTD01O0001', 'Digit One', 'OUTER BESAR TIMBANGAN DIGIT ONE', 0, '', 0.00, NULL, 'F1;P3', NULL, NULL),
('SPTD01P0001', 'Digit One', 'PANGKON TIMBANGAN(NICKEY)', 56, '', 0.00, NULL, 'D1;P3', NULL, NULL),
('SPTD01P0002', 'Digit One', 'PCB DIGIT-ONE', 1665, '', 0.00, NULL, 'L20;R4', NULL, NULL),
('SPTD01P0003', 'Digit One', 'PLAT COVER DIGIT-ONE', 725, '', 0.00, NULL, 'L19;R1F& D1;P3', NULL, NULL),
('SPTD01P0004', 'Digit One', 'PCB  DIGIT ONE + BACKLIGHT', 0, '', 0.00, NULL, 'L19,R1G', NULL, NULL),
('SPTD01S0001', 'Digit One', 'SPON PUTIH', 58, '', 0.00, NULL, 'D1;P3', NULL, NULL),
('SPTD01S0002', 'Digit One', 'STICKER BACK DIGIT-ONE', 1664, '', 0.00, NULL, 'L19;2B,D', NULL, NULL),
('SPTD01S0003', 'Digit One', 'STICKER PERINGATAN  DIGIT ONE', 0, '', 0.00, NULL, '', NULL, NULL),
('SPTD01S0004', 'Digit One', 'STICKER OUTER DIGIT ONE SPESIFIKASI A', 0, '', 0.00, NULL, '', NULL, NULL),
('SPTD01S0005', 'Digit One', 'STICKER OUTER DIGIT ONE SPESIFIKASI B', 0, '', 0.00, NULL, '', NULL, NULL),
('SPTD01S0006', 'Digit One', 'STICKER NICKEY DIGIT-ONE COKLAT', 0, '', 0.00, NULL, 'D1;P3', NULL, NULL),
('SPTD01S0007', 'Digit One', 'STICKER NICKEY KECIL', 440, '', 0.00, NULL, 'L19;R2D', NULL, NULL),
('SPTD01S0009', 'Digit One', 'STICKER DIGIT PRO COKLAT', 175, '', 0.00, NULL, '', NULL, NULL),
('SPTD01T0001', 'Digit One', 'TUTUP BATTERY ABU-ABU', 362, '', 0.00, NULL, 'L20;R3', NULL, NULL),
('SPTD01T0002', 'Digit One', 'TUTUP BATTERY HIJAU', 147, '', 0.00, NULL, '', NULL, NULL),
('SPTD01T0003', 'Digit One', 'TUTUP BATTERY HITAM', 335, '', 0.00, NULL, 'L20;R3', NULL, NULL),
('SPTD01T0004', 'Digit One', 'TUTUP BATTERY KUNING', 2, '', 0.00, NULL, 'L20;R2', NULL, NULL),
('SPTD01T0005', 'Digit One', 'TUTUP BATTERY PINK', 173, '', 0.00, NULL, 'L20;R2', NULL, NULL),
('SPTD01T0006', 'Digit One', 'TUTUP BATTERY PUTIH', 220, '', 0.00, NULL, 'L20;R2', NULL, NULL),
('SPTD02A0001', 'Digit Pro', 'ADAPTOR  5V / 2A  DIGIT PRO \"NEW\"', 0, '', 0.00, NULL, 'D1;P2', NULL, NULL),
('SPTD02B0001', 'Digit Pro', 'BACKLIGHT DIGIT-PRO', 0, '', 0.00, NULL, 'L19;R1A', NULL, NULL),
('SPTD02B0002', 'Digit Pro', 'BUKU MANUAL DIGIT PRO \"NEW\" (INDONESIA)', 6612, '', 0.00, NULL, '', NULL, NULL),
('SPTD02C0001', 'Digit Pro', 'CASING BAWAH DIGIT PRO \"NEW\"', 4325, '', 0.00, NULL, 'D1;P2', NULL, NULL),
('SPTD02C0002', 'Digit Pro', 'CASING ATAS DIGIT PRO \"NEW\"', 9756, '', 0.00, NULL, 'D1;P2,4', NULL, NULL),
('SPTD02G0001', 'Digit Pro', 'GABUS  DIGIT PRO  \"NEW\"', 7735, '', 0.00, NULL, '', NULL, NULL),
('SPTD02I0001', 'Digit Pro', 'INER DIGIT PRO LAMA', 1840, '', 0.00, NULL, 'F2;P8', NULL, NULL),
('SPTD02I0002', 'Digit Pro', 'INER DIGIT PRO \"NEW\"', 6538, '', 0.00, NULL, 'F2;P8', NULL, NULL),
('SPTD02K0001', 'Digit Pro', 'KABEL HITAM - 24 cm', 9510, '', 0.00, NULL, '', NULL, NULL),
('SPTD02K0002', 'Digit Pro', 'KABEL HITAM - 15 cm', 52180, '', 0.00, NULL, 'L19;R1A', NULL, NULL),
('SPTD02K0003', 'Digit Pro', 'KACA TIMBANGAN DIGIT PRO COKLAT', 40, '', 0.00, NULL, 'BLOK D', NULL, NULL),
('SPTD02K0004', 'Digit Pro', 'KACA TIMBANGAN DIGIT PRO \"NEW\"  HIJAU', 1491, '', 0.00, NULL, 'B1;P7', NULL, NULL),
('SPTD02K0005', 'Digit Pro', 'KACA TIMBANGAN DIGIT PRO \"NEW\"  COKLAT', 1624, '', 0.00, NULL, 'B1;P7', NULL, NULL),
('SPTD02K0006', 'Digit Pro', 'KACA TIMBANGAN DIGIT PRO \"NEW\" PUTIH', 1506, '', 0.00, NULL, 'B1;P7', NULL, NULL),
('SPTD02K0007', 'Digit Pro', 'KACA TIMBANGAN DIGIT PRO \"NEW\"  UNGU', 1712, '', 0.00, NULL, 'B1;P7', NULL, NULL),
('SPTD02K0008', 'Digit Pro', 'KARET KARBON DIGIT PRO', 0, '', 0.00, NULL, 'L19;R1C', NULL, NULL),
('SPTD02K0009', 'Digit Pro', 'KARET KARBON DIGIT PRO \"NEW\"', 16706, '', 0.00, NULL, 'L19;R1C', NULL, NULL),
('SPTD02L0001', 'Digit Pro', 'LCD DIGIT PRO ', 0, '', 0.00, NULL, '', NULL, NULL),
('SPTD02L0002', 'Digit Pro', 'LCD DIGIT PRO \"NEW\"', 6510, '', 0.00, NULL, 'L20;R5', NULL, NULL),
('SPTD02L0003', 'Digit Pro', 'LCD BACKLIGHT DIGIT PRO \"NEW\"', 4555, '', 0.00, NULL, 'L19;R1C', NULL, NULL),
('SPTD02O0001', 'Digit Pro', 'OUTER TIMBANGAN DIGIT PRO \"NEW\"', 273, '', 0.00, NULL, 'F1;P8', NULL, NULL),
('SPTD02O0002', 'Digit Pro', 'OUTER ADAPTOR TIMBANGAN DIGIT PRO \"NEW\"', 1785, '', 0.00, NULL, 'E1;P1', NULL, NULL),
('SPTD02P0001', 'Digit Pro', 'PCB DIGIT PRO', 0, '', 0.00, NULL, '', NULL, NULL),
('SPTD02P0002', 'Digit Pro', 'PCB DIGIT PRO \"NEW\"', 6215, '', 0.00, NULL, 'L19;R1C', NULL, NULL),
('SPTD02P0003', 'Digit Pro', 'PCB SOCKET BATERAI DIGIT PRO \"NEW\"', 6654, '', 0.00, NULL, 'L19;R1C', NULL, NULL),
('SPTD02P0004', 'Digit Pro', 'PLAT COVER DIGIT PRO', 219, '', 0.00, NULL, 'L19;R1F', NULL, NULL),
('SPTD02P0005', 'Digit Pro', 'PCB DIGIT PRO NEW \"BLUETOOTH\"', 0, '', 0.00, NULL, '', NULL, NULL),
('SPTD02S0001', 'Digit Pro', 'SCREW M2 X 6', 27050, '', 0.00, NULL, 'L19;R1G', NULL, NULL),
('SPTD02S0002', 'Digit Pro', 'SOCKET BATERAI DIGIT PRO \"NEW\"', 5948, '', 0.00, NULL, 'L19;R1G', NULL, NULL),
('SPTD02S0003', 'Digit Pro', 'SPON PUTIH DIGIT PRO \"NEW\"', 37386, '', 0.00, NULL, '', NULL, NULL),
('SPTD02ST001', 'Digit Pro', 'STICKER BACK DIGIT PRO', 7116, '', 0.00, NULL, 'L19;2B', NULL, NULL),
('SPTD02ST002', 'Digit Pro', 'STICKER ADAPTOR DIGIT PRO \"NEW\"', 2724, '', 0.00, NULL, 'L19;2B', NULL, NULL),
('SPTD02ST003', 'Digit Pro', 'STICKER DIGIT PRO HIJAU', 179, '', 0.00, NULL, 'L19;R2B', NULL, NULL),
('SPTD02ST004', 'Digit Pro', 'STICKER DIGIT PRO PINK', 29, '', 0.00, NULL, 'L19;R2C', NULL, NULL),
('SPTD02ST005', 'Digit Pro', 'STICKER DIGIT PRO PUTIH', 472, '', 0.00, NULL, 'L19;R2C', NULL, NULL),
('SPTD02ST006', 'Digit Pro', 'STICKER DIGIT PRO UNGU', 146, '', 0.00, NULL, 'L19;R2C', NULL, NULL),
('SPTD02ST007', 'Digit Pro', 'STICKER OUTER DIGIT PRO', 0, '', 0.00, NULL, '', NULL, NULL),
('SPTD02ST008', 'Digit Pro', 'STICKER PERINGATAN \"AWAS LICIN\"', 488, '', 0.00, NULL, 'L19;R2F,G', NULL, NULL),
('SPTD02ST009', 'Digit Pro', 'STICKER PERINGATAN TIMBANGAN \"NEW\"', 0, '', 0.00, NULL, 'L19;R2H', NULL, NULL),
('SPTD02T0001', 'Digit Pro', 'TUTUP BATTERY DIGIT PRO \"NEW\"', 8063, '', 0.00, NULL, 'L19;R2H', NULL, NULL),
('SPTD02T0002', 'Digit Pro', 'TOMBOL SWITCH DIGIT PRO \"NEW\"', 8290, '', 0.00, NULL, 'L19;R2F', NULL, NULL),
('SPTD02ZZK01', 'Digit Pro', 'KABEL 26/150 WARNA MERAH (m)', 1, '', 0.00, NULL, '', NULL, NULL),
('SPTD02ZZK02', 'Digit Pro', 'KABEL 26/150 WARNA HITAM (m)', 1, '', 0.00, NULL, '', NULL, NULL),
('SPTD02ZZK03', 'Digit Pro', 'KABEL 26/150 WARNA BIRU (m)                PART FOR MODIF ', 1, '', 0.00, NULL, '', NULL, NULL),
('SPTD02ZZR01', 'Digit Pro', 'RELAY SPTD 5V5DC 6 PIN (HUI KE)', 89, '', 0.00, NULL, '', NULL, NULL),
('SPTD02ZZS01', 'Digit Pro', 'SELANG BAKAR 1 mm', 0, '', 0.00, NULL, '', NULL, NULL),
('SPTD03A0001', 'Digit One Baby', 'ACRILIC TIMBANGAN DIGIT ONE BABY ', 2305, '', 0.00, NULL, '', NULL, NULL),
('SPTD03A0002', 'Digit One Baby', 'ADAPTOR 6V / 2A DIGIT ONE BABY', 304, '', 0.00, NULL, '', NULL, NULL),
('SPTD03B0001', 'Digit One Baby', 'BEARING PADS FOR SENSOR', 9980, '', 0.00, NULL, '', NULL, NULL),
('SPTD03B0002', 'Digit One Baby', 'BOARD PUSH BUTTON', 2256, '', 0.00, NULL, '', NULL, NULL),
('SPTD03B0003', 'Digit One Baby', 'BUKU MANUAL DIGIT-ONE BABY (inggris)', 4872, '', 0.00, NULL, '', NULL, NULL),
('SPTD03B0004', 'Digit One Baby', 'BUKU MANUAL DIGIT-ONE BABY (indonesia)', 0, '', 0.00, NULL, '', NULL, NULL),
('SPTD03B0005', 'Digit One Baby', 'BUKU PETUNJUK  PENGGUNAAN DIGIT-ONE BABY', 0, '', 0.00, NULL, '', NULL, NULL),
('SPTD03C0001', 'Digit One Baby', 'CONNECTING WIRE HIJAU', 0, '', 0.00, NULL, '', NULL, NULL),
('SPTD03C0002', 'Digit One Baby', 'CONNECTING WIRE HITAM', 0, '', 0.00, NULL, '', NULL, NULL),
('SPTD03C0003', 'Digit One Baby', 'CONNECTING WIRE MERAH', 0, '', 0.00, NULL, '', NULL, NULL),
('SPTD03C0004', 'Digit One Baby', 'CONNECTING WIRE PUTIH', 0, '', 0.00, NULL, '', NULL, NULL),
('SPTD03C0005', 'Digit One Baby', 'CONNECTOR', 2293, '', 0.00, NULL, '', NULL, NULL),
('SPTD03F0001', 'Digit One Baby', 'FRAME FOR BATERAI ( TUTUP BATERAI )', 2598, '', 0.00, NULL, '', NULL, NULL),
('SPTD03F0002', 'Digit One Baby', 'FRAME SENSOR', 9233, '', 0.00, NULL, '', NULL, NULL),
('SPTD03I0001', 'Digit One Baby', 'INER PUTIH DIGIT-ONE BABY', 0, '', 0.00, NULL, '', NULL, NULL),
('SPTD03K0001', 'Digit One Baby', 'KABEL BATERAI PANJANG', 6615, '', 0.00, NULL, '', NULL, NULL),
('SPTD03K0002', 'Digit One Baby', 'KABEL BATERAI PENDEK', 2264, '', 0.00, NULL, '', NULL, NULL),
('SPTD03K0003', 'Digit One Baby', 'KABEL TIES 2X90', 2000, '', 0.00, NULL, '', NULL, NULL),
('SPTD03L0001', 'Digit One Baby', 'LCD DISPLAY', 2259, '', 0.00, NULL, '', NULL, NULL),
('SPTD03L0002', 'Digit One Baby', 'LOCK FRAME LCD DISPLAY', 2259, '', 0.00, NULL, '', NULL, NULL),
('SPTD03L0003', 'Digit One Baby', 'LOWER CHASING', 2080, '', 0.00, NULL, '', NULL, NULL),
('SPTD03M0001', 'Digit One Baby', 'MUR M - 7', 112, '', 0.00, NULL, '', NULL, NULL),
('SPTD03O0001', 'Digit One Baby', 'OUTER TIMBANGAN DIGIT ONE BABY', 2290, '', 0.00, NULL, '', NULL, NULL),
('SPTD03P0001', 'Digit One Baby', 'PCB MAINBOARD', 2248, '', 0.00, NULL, '', NULL, NULL),
('SPTD03R0001', 'Digit One Baby', 'RUBBER CONDUCTOR', 2259, '', 0.00, NULL, '', NULL, NULL),
('SPTD03R0002', 'Digit One Baby', 'RULLER / METER', 2657, '', 0.00, NULL, '', NULL, NULL),
('SPTD03R0003', 'Digit One Baby', 'RING SPRING M - 8', 0, '', 0.00, NULL, '', NULL, NULL),
('SPTD03S0001', 'Digit One Baby', 'STEREFOAM TIMBANGAN DIGIT ONE BABY ', 2489, '', 0.00, NULL, '', NULL, NULL),
('SPTD03S0002', 'Digit One Baby', 'SCREW PAYUNG ST 3 X 11', 26780, '', 0.00, NULL, '', NULL, NULL),
('SPTD03S0003', 'Digit One Baby', 'SCREW PAYUNG ST 4 X 11', 9255, '', 0.00, NULL, '', NULL, NULL),
('SPTD03S0004', 'Digit One Baby', 'SCREW ST 3 X 11', 9000, '', 0.00, NULL, '', NULL, NULL),
('SPTD03S0005', 'Digit One Baby', 'SELANG BAKAR', 10835, '', 0.00, NULL, '', NULL, NULL),
('SPTD03S0006', 'Digit One Baby', 'STICKER BACK DIGIT-ONE BABY', 2162, '', 0.00, NULL, '', NULL, NULL),
('SPTD03S0007', 'Digit One Baby', 'STICKER QC PASS', 2189, '', 0.00, NULL, '', NULL, NULL),
('SPTD03S0008', 'Digit One Baby', 'STICKER OUTER SPESIFIKASI DIGIT ONE BABY', 20, '', 0.00, NULL, '', NULL, NULL),
('SPTD03S0009', 'Digit One Baby', 'STICKER ADAPTOR DIGIT ONE BABY', 1336, '', 0.00, NULL, '', NULL, NULL),
('SPTD03S0010', 'Digit One Baby', 'SCREW ST 2 X 8', 8328, '', 0.00, NULL, '', NULL, NULL),
('SPTD03S0011', 'Digit One Baby', 'SOCKET FEMALE ADAPTOR', 2075, '', 0.00, NULL, '', NULL, NULL),
('SPTD03S0012', 'Digit One Baby', 'SPRING ( - )', 2000, '', 0.00, NULL, '', NULL, NULL),
('SPTD03S0013', 'Digit One Baby', 'SPRING ( + )', 2280, '', 0.00, NULL, '', NULL, NULL),
('SPTD03S0014', 'Digit One Baby', 'SPRING ( - / + )', 2290, '', 0.00, NULL, '', NULL, NULL),
('SPTD03S0015', 'Digit One Baby', 'SCREW ST 3 X 8', 27150, '', 0.00, NULL, '', NULL, NULL),
('SPTD03T0001', 'Digit One Baby', 'TOMBOL BUTTON', 2222, '', 0.00, NULL, '', NULL, NULL),
('SPTD03U0001', 'Digit One Baby', 'UNIT SENSOR', 8832, '', 0.00, NULL, '', NULL, NULL),
('SPTD03U0002', 'Digit One Baby', 'UPPER CHASING / TOP CASE', 2080, '', 0.00, NULL, '', NULL, NULL),
('SPTD04A0001', 'Timbangan And', 'ADAPTOR TIMBANGAN BABY AND', 0, '', 0.00, NULL, '', NULL, NULL),
('SPTD04A0002', 'Timbangan And', 'ADAPTOR TYPE 280 + STEKER 3 PIN', 0, '', 0.00, NULL, '', NULL, NULL),
('SPTD04A0003', 'Timbangan And', 'ADAPTOR TYPE TB 266', 0, '', 0.00, NULL, '', NULL, NULL),
('SPTD04B0001', 'Timbangan And', 'BUKU MANUAL TIMBANGAN AND', 0, '', 0.00, NULL, 'L24;R5', NULL, NULL),
('SPTD04B0002', 'Timbangan And', 'BATTERAI TYPE D', 90, '', 0.00, NULL, '', NULL, NULL),
('SPTD04B0003', 'Timbangan And', 'BUKU PETUNJUK PENGGUNAAN TIMBANGAN AND', 0, '', 0.00, NULL, '', NULL, NULL),
('SPTD04L0001', 'Timbangan And', 'LOAD CELL BABY ONE AND', 0, '', 0.00, NULL, '', NULL, NULL),
('SPTD04L0002', 'Timbangan And', 'LCD BABY ONE', 0, '', 0.00, NULL, '', NULL, NULL),
('SPTD04P0001', 'Timbangan And', 'PCB MAINBOARD BABY ONE AND', 0, '', 0.00, NULL, '', NULL, NULL),
('SPTD04ST001', 'Timbangan And', 'STICKER PERHATIAN BELAKANG AND', 338, '', 0.00, NULL, 'L19;R2D', NULL, NULL),
('SPTD04ST002', 'Timbangan And', 'STICKER SPESIFIKASI ELITECH SAMPING AND', 211, '', 0.00, NULL, 'L19;R2D', NULL, NULL),
('SPTD04ST003', 'Timbangan And', 'STICKER PERHATIAN ATAS TIMBANGAN AND', 333, '', 0.00, NULL, 'L19;R2D', NULL, NULL),
('SPTD04ST004', 'Timbangan And', 'STICKER PERINGATAN DEPAN TIMBANGAN AND', 268, '', 0.00, NULL, 'L19;R2E', NULL, NULL),
('SPTD04ST005', 'Timbangan And', 'STICKER PANEL DEPAN KUNING TIMBANGAN AND', 205, '', 0.00, NULL, 'L19;R2E', NULL, NULL),
('SPTD04ST006', 'Timbangan And', 'STICKER PERINGATAN KERANJANG ATAS BESAR AND', 334, '', 0.00, NULL, 'L19;R2E', NULL, NULL),
('SPTD04ST007', 'Timbangan And', 'STICKER BATAS TINGGI BAYI KECIL AND', 356, '', 0.00, NULL, 'L19;R2E', NULL, NULL),
('SPTD04ST008', 'Timbangan And', 'STICKER BATAS TINGGI BAYI BESAR AND', 334, '', 0.00, NULL, 'L19;R2E', NULL, NULL),
('SPTD04ST009', 'Timbangan And', 'STICKER PERINGATAN KERNJANG BLKG KCL AND', 149, '', 0.00, NULL, 'L19;R2E', NULL, NULL),
('SPTD04ST010', 'Timbangan And', 'STICKER PERINGATAN KRNJANG BLKG BESAR AND', 268, '', 0.00, NULL, 'L19;R2E', NULL, NULL),
('SPTD04ST011', 'Timbangan And', 'STICKER MEMORY TERAKHIR TARA AND', 156, '', 0.00, NULL, 'L19;R2E', NULL, NULL),
('SPTD04ST012', 'Timbangan And', 'STICKER ELITECH BIRU KECIL', 1991, '', 0.00, NULL, 'L19;R2E', NULL, NULL),
('SPTD04ST013', 'Timbangan And', 'STICKER HOLOGRAM SILVER', 11058, '', 0.00, NULL, 'L19;R2F', NULL, NULL),
('SPTD04ST014', 'Timbangan And', 'STICKER HOLOGRAM EMAS', 12051, '', 0.00, NULL, 'L19;R2F', NULL, NULL),
('SPTD04ST015', 'Timbangan And', 'STICKER OUTER A3 DEPAN BELAKANG', 0, '', 0.00, NULL, '', NULL, NULL),
('SPTD04ST016', 'Timbangan And', 'STICKER OUTER A3 SAMPING', 0, '', 0.00, NULL, '', NULL, NULL),
('SPTD04T0001', 'Timbangan And', 'TIMBANGAN BABY AND (BELUM PACKING)', 0, '', 0.00, NULL, '', NULL, NULL),
('SPTD05B0001', 'Timbangan Digit Pro \"BMI\"', 'BUKU MANUAL INGGRIS DIGIT-PRO BMI', 2368, '', 0.00, NULL, '', NULL, NULL),
('SPTD05B0002', 'Timbangan Digit Pro \"BMI\"', 'BUKU MANUAL INDONESIA DIGIT-PRO BMI', 854, '', 0.00, NULL, '', NULL, NULL),
('SPTD05B0003', 'Timbangan Digit Pro \"BMI\"', 'BUKU PETUNJUK PENGGUNAAN DIGIT-PRO BMI', 100, '', 0.00, NULL, '', NULL, NULL),
('SPTD05C0001', 'Timbangan Digit Pro \"BMI\"', 'CHASING ATAS DIGIT-PRO BMI', 100, '', 0.00, NULL, '', NULL, NULL),
('SPTD05C0002', 'Timbangan Digit Pro \"BMI\"', 'CHASING BAWAH DIGIT-PRO BMI', 1181, '', 0.00, NULL, '', NULL, NULL),
('SPTD05I0001', 'Timbangan Digit Pro \"BMI\"', 'INER TIMBANGAN DIGIT-PRO BMI', 1020, '', 0.00, NULL, '', NULL, NULL),
('SPTD05K0001', 'Timbangan Digit Pro \"BMI\"', 'KABEL BIRU 8 CM', 4946, '', 0.00, NULL, '', NULL, NULL),
('SPTD05K0002', 'Timbangan Digit Pro \"BMI\"', 'KABEL HITAM 15 CM', 100, '', 0.00, NULL, '', NULL, NULL),
('SPTD05K0003', 'Timbangan Digit Pro \"BMI\"', 'KABEL HITAM 25 CM', 100, '', 0.00, NULL, '', NULL, NULL),
('SPTD05K0003a', 'Timbangan Digit Pro \"BMI\"', 'KABEL PUTIH 15 CM', 495, '', 0.00, NULL, '', NULL, NULL),
('SPTD05K0004', 'Timbangan Digit Pro \"BMI\"', 'KACA TIMBANGAN DIGIT-PRO BMI \"HIJAU\"', 470, '', 0.00, NULL, '', NULL, NULL),
('SPTD05K0005', 'Timbangan Digit Pro \"BMI\"', 'KACA TIMBANGAN DIGIT PRO BMI\"COKLAT\"', 267, '', 0.00, NULL, '', NULL, NULL),
('SPTD05K0006', 'Timbangan Digit Pro \"BMI\"', 'KACA TIMBANGAN DIGIT PRO BMI\"PUTIH\"', 125, '', 0.00, NULL, '', NULL, NULL),
('SPTD05K0007', 'Timbangan Digit Pro \"BMI\"', 'KACA TIMBANGAN DIGIT PRO BMI\"UNGU\"', 250, '', 0.00, NULL, '', NULL, NULL),
('SPTD05L0001', 'Timbangan Digit Pro \"BMI\"', 'LCD BACKLIGHT DIGIT-PRO BMI', 234, '', 0.00, NULL, '', NULL, NULL),
('SPTD05L0002', 'Timbangan Digit Pro \"BMI\"', 'LCD DIGIT-PRO BMI', 1000, '', 0.00, NULL, '', NULL, NULL),
('SPTD05L0003', 'Timbangan Digit Pro \"BMI\"', 'LCD LAYAR MERAH BMI ( BLUETOOTH )', 90, '', 0.00, NULL, '', NULL, NULL),
('SPTD05M0001', 'Timbangan Digit Pro \"BMI\"', 'METAL ELECTRODE', 580, '', 0.00, NULL, '', NULL, NULL),
('SPTD05P0001', 'Timbangan Digit Pro \"BMI\"', 'PCB MAINBOARD DIGIT-PRO BMI', 1005, '', 0.00, NULL, '', NULL, NULL),
('SPTD05P0002', 'Timbangan Digit Pro \"BMI\"', 'PCB SENSOR TIMBANGAN BMI', 991, '', 0.00, NULL, '', NULL, NULL),
('SPTD05S0001', 'Timbangan Digit Pro \"BMI\"', 'SPON ABU-ABU', 3913, '', 0.00, NULL, '', NULL, NULL),
('SPTD05S0002', 'Timbangan Digit Pro \"BMI\"', 'SPRING ELECTRODE', 2556, '', 0.00, NULL, '', NULL, NULL),
('SPTD05S0003', 'Timbangan Digit Pro \"BMI\"', 'STICKER BACK DIGIT-PRO BMI', 295, '', 0.00, NULL, '', NULL, NULL),
('SPTD05T0001', 'Timbangan Digit Pro \"BMI\"', 'TOMBOL BUTTON', 462, '', 0.00, NULL, '', NULL, NULL),
('SPTD05T0002', 'Timbangan Digit Pro \"BMI\"', 'TUTUP BATTERY DIGIT-PRO BMI', 100, '', 0.00, NULL, '', NULL, NULL);

-- --------------------------------------------------------

--
-- Table structure for table `password_resets`
--

CREATE TABLE `password_resets` (
  `email` varchar(255) COLLATE utf8mb4_unicode_ci NOT NULL,
  `token` varchar(255) COLLATE utf8mb4_unicode_ci NOT NULL,
  `created_at` timestamp NULL DEFAULT NULL
) ENGINE=InnoDB DEFAULT CHARSET=utf8mb4 COLLATE=utf8mb4_unicode_ci;

-- --------------------------------------------------------

--
-- Table structure for table `pemeriksaan_rakits`
--

CREATE TABLE `pemeriksaan_rakits` (
  `id` bigint(20) UNSIGNED NOT NULL,
  `perakitan_id` bigint(20) UNSIGNED DEFAULT NULL,
  `jenis_pemeriksaan` enum('all','sample','no') COLLATE utf8mb4_unicode_ci DEFAULT NULL,
  `keterangan` text COLLATE utf8mb4_unicode_ci DEFAULT NULL,
  `kesimpulan` enum('terima','tolak','dipertimbangkan') COLLATE utf8mb4_unicode_ci DEFAULT NULL,
  `status` enum('0','12','5','4') COLLATE utf8mb4_unicode_ci NOT NULL,
  `created_at` timestamp NULL DEFAULT NULL,
  `updated_at` timestamp NULL DEFAULT NULL
) ENGINE=InnoDB DEFAULT CHARSET=utf8mb4 COLLATE=utf8mb4_unicode_ci;

-- --------------------------------------------------------

--
-- Table structure for table `peminjaman_alats`
--

CREATE TABLE `peminjaman_alats` (
  `id` bigint(20) UNSIGNED NOT NULL,
  `peminjam_id` bigint(20) UNSIGNED DEFAULT NULL,
  `divisi_inventory_id` bigint(20) UNSIGNED DEFAULT NULL,
  `inventory_id` bigint(20) UNSIGNED DEFAULT NULL,
  `jumlah` int(11) DEFAULT NULL,
  `tanggal_pengajuan` date DEFAULT NULL,
  `tanggal_peminjaman` date DEFAULT NULL,
  `tanggal_batas_pengembalian` date DEFAULT NULL,
  `tanggal_perpanjangan` date DEFAULT NULL,
  `tanggal_pengembalian` date DEFAULT NULL,
  `keterangan` text COLLATE utf8mb4_unicode_ci DEFAULT NULL,
  `status` enum('draft','wishlist','menunggu','dipinjam','tolak','permintaan_perpanjangan','perpanjangan','tolak_perpanjangan','kembali') COLLATE utf8mb4_unicode_ci DEFAULT NULL,
  `created_at` timestamp NULL DEFAULT NULL,
  `updated_at` timestamp NULL DEFAULT NULL
) ENGINE=InnoDB DEFAULT CHARSET=utf8mb4 COLLATE=utf8mb4_unicode_ci;

--
-- Dumping data for table `peminjaman_alats`
--

INSERT INTO `peminjaman_alats` (`id`, `peminjam_id`, `divisi_inventory_id`, `inventory_id`, `jumlah`, `tanggal_pengajuan`, `tanggal_peminjaman`, `tanggal_batas_pengembalian`, `tanggal_perpanjangan`, `tanggal_pengembalian`, `keterangan`, `status`, `created_at`, `updated_at`) VALUES
(4, 1, 4, 4, 3, '2021-04-06', '2021-04-06', '2021-04-15', NULL, NULL, 'Pelatihan', 'dipinjam', '2021-04-06 01:54:56', '2021-04-06 09:57:56'),
(5, 1, 4, 3, 1, '2021-04-06', '2021-04-06', '2021-04-15', NULL, NULL, 'Pelatihan', 'dipinjam', '2021-04-06 01:54:56', '2021-04-06 06:57:40');

-- --------------------------------------------------------

--
-- Table structure for table `peminjaman_karyawans`
--

CREATE TABLE `peminjaman_karyawans` (
  `id` bigint(20) UNSIGNED NOT NULL,
  `penanggung_jawab_id` bigint(20) UNSIGNED DEFAULT NULL,
  `user_id` bigint(20) UNSIGNED DEFAULT NULL,
  `nama_penugasan` varchar(255) COLLATE utf8mb4_unicode_ci NOT NULL,
  `lokasi_penugasan` text COLLATE utf8mb4_unicode_ci NOT NULL,
  `tanggal_pembuatan` date NOT NULL,
  `tanggal_penugasan` date NOT NULL,
  `tanggal_estimasi_selesai` date NOT NULL,
  `tanggal_selesai` date DEFAULT NULL,
  `keterangan` text COLLATE utf8mb4_unicode_ci DEFAULT NULL,
  `created_at` timestamp NULL DEFAULT NULL,
  `updated_at` timestamp NULL DEFAULT NULL
) ENGINE=InnoDB DEFAULT CHARSET=utf8mb4 COLLATE=utf8mb4_unicode_ci;

--
-- Dumping data for table `peminjaman_karyawans`
--

INSERT INTO `peminjaman_karyawans` (`id`, `penanggung_jawab_id`, `user_id`, `nama_penugasan`, `lokasi_penugasan`, `tanggal_pembuatan`, `tanggal_penugasan`, `tanggal_estimasi_selesai`, `tanggal_selesai`, `keterangan`, `created_at`, `updated_at`) VALUES
(1, 8, 1, 'Perbaikan Jaringan', 'PT Sinko Prima Alloy', '2021-04-08', '2021-04-08', '2021-04-13', NULL, 'Perbaikan Jaringan pada Gudang E8', '2021-04-07 22:58:27', '2021-04-08 00:55:50'),
(3, 5, 1, 'Pengemasan Produk', 'Ruang Pengemasan Produksi', '2021-04-09', '2021-04-09', '2021-04-14', NULL, 'Produk Urgent', '2021-04-08 21:34:10', '2021-04-08 21:34:10'),
(4, 6, NULL, 'Domain', 'PT Sinko Prima Alloy', '2021-04-09', '2021-04-09', '2021-04-12', NULL, 'Register setiap komputer ke domain dan hosting masing-masing', '2021-04-08 23:45:00', '2021-04-08 23:45:00');

-- --------------------------------------------------------

--
-- Table structure for table `perakitans`
--

CREATE TABLE `perakitans` (
  `id` bigint(20) UNSIGNED NOT NULL,
  `bppb_id` bigint(20) UNSIGNED DEFAULT NULL,
  `pic_id` bigint(20) UNSIGNED DEFAULT NULL,
  `tanggal` date NOT NULL,
  `created_at` timestamp NULL DEFAULT NULL,
  `updated_at` timestamp NULL DEFAULT NULL,
  `status` enum('0','12') COLLATE utf8mb4_unicode_ci DEFAULT NULL
) ENGINE=InnoDB DEFAULT CHARSET=utf8mb4 COLLATE=utf8mb4_unicode_ci;

--
-- Dumping data for table `perakitans`
--

INSERT INTO `perakitans` (`id`, `bppb_id`, `pic_id`, `tanggal`, `created_at`, `updated_at`, `status`) VALUES
(1, 6, 2, '2021-02-21', '2021-02-21 06:30:09', '2021-02-21 06:30:09', '0'),
(5, 2, 2, '2021-02-12', '2021-02-21 06:47:50', '2021-02-26 03:09:20', '0'),
(7, 22, 2, '2021-02-25', '2021-02-25 04:49:08', '2021-02-25 04:49:08', '12'),
(8, 17, 2, '2021-02-26', '2021-02-25 06:50:58', '2021-02-25 06:50:58', '0'),
(9, 25, 2, '2021-02-26', '2021-02-26 07:54:53', '2021-02-26 07:54:53', '0'),
(23, 8, 2, '2021-03-12', '2021-03-12 06:02:51', '2021-03-12 06:02:51', '0'),
(24, 10, 2, '2021-03-12', '2021-03-12 06:15:21', '2021-03-12 06:15:21', '0'),
(25, 20, 2, '2021-03-12', '2021-03-12 06:25:47', '2021-03-12 06:25:47', '0'),
(26, 7, 2, '2021-03-12', '2021-03-12 06:29:02', '2021-03-12 06:29:02', '0'),
(28, 11, 2, '2021-03-12', '2021-03-12 07:07:05', '2021-03-12 07:07:05', '0'),
(29, 9, 2, '2021-03-13', '2021-03-12 07:37:04', '2021-03-12 07:37:04', '0'),
(30, 17, 2, '2021-03-15', '2021-03-15 01:46:24', '2021-03-15 01:46:24', '0');

-- --------------------------------------------------------

--
-- Table structure for table `produks`
--

CREATE TABLE `produks` (
  `id` bigint(20) UNSIGNED NOT NULL,
  `kelompok_produk_id` bigint(20) UNSIGNED DEFAULT NULL,
  `kategori_id` bigint(20) UNSIGNED DEFAULT NULL,
  `merk` enum('elitech','mentor','vanward','aeolus','other') COLLATE utf8mb4_unicode_ci NOT NULL,
  `tipe` varchar(191) COLLATE utf8mb4_unicode_ci NOT NULL,
  `nama` varchar(255) COLLATE utf8mb4_unicode_ci NOT NULL,
  `harga` double DEFAULT NULL,
  `kode` varchar(100) COLLATE utf8mb4_unicode_ci DEFAULT NULL,
  `kode_barcode` varchar(50) COLLATE utf8mb4_unicode_ci DEFAULT NULL,
  `foto` text COLLATE utf8mb4_unicode_ci DEFAULT NULL,
  `berat` varchar(20) COLLATE utf8mb4_unicode_ci DEFAULT NULL,
  `satuan` enum('pcs','set','unit','dus','roll','meter','pack') COLLATE utf8mb4_unicode_ci NOT NULL,
  `nama_coo` varchar(255) COLLATE utf8mb4_unicode_ci DEFAULT NULL,
  `no_akd` varchar(100) COLLATE utf8mb4_unicode_ci DEFAULT NULL,
  `keterangan` text COLLATE utf8mb4_unicode_ci DEFAULT NULL,
  `status` enum('show','hide') COLLATE utf8mb4_unicode_ci DEFAULT NULL,
  `created_at` timestamp NULL DEFAULT NULL,
  `updated_at` timestamp NULL DEFAULT NULL
) ENGINE=InnoDB DEFAULT CHARSET=utf8mb4 COLLATE=utf8mb4_unicode_ci;

--
-- Dumping data for table `produks`
--

INSERT INTO `produks` (`id`, `kelompok_produk_id`, `kategori_id`, `merk`, `tipe`, `nama`, `harga`, `kode`, `kode_barcode`, `foto`, `berat`, `satuan`, `nama_coo`, `no_akd`, `keterangan`, `status`, `created_at`, `updated_at`) VALUES
(1, 1, 1, 'elitech', 'SP-10', 'Digital Spirometer DS-PRO', NULL, NULL, 'SP01', NULL, '1020', 'unit', 'SP-10', 'KEMENKES RI AKD 20401610237', NULL, 'hide', '2021-02-17 02:10:54', '2021-02-25 08:33:46'),
(2, 1, 1, 'elitech', 'DS-PRO100', 'Portable Spirometer', NULL, NULL, 'SP02', NULL, '1700', 'unit', 'DS-PRO100', 'KEMENKES RI AKD 20401710665', NULL, NULL, '2021-02-17 02:17:06', '2021-02-17 02:17:06'),
(3, 1, 1, 'elitech', 'PROMIST-1', 'Mini Compressor Nebulizer', NULL, NULL, 'CN01', NULL, '1200', 'unit', 'PROMIST-1', 'KEMENKES RI AKD 20403318003', NULL, NULL, '2021-02-17 00:33:42', '2021-02-17 00:33:42'),
(4, 1, 1, 'elitech', 'PROMIST-3', 'Medical Nebulizer', NULL, NULL, 'MN03', NULL, '2000', 'unit', 'PROMIST-3', 'KEMENKES RI AKD 20403710661', NULL, NULL, '2021-02-17 00:43:49', '2021-02-17 00:43:49'),
(5, 1, 1, 'elitech', 'ULTRA MIST', 'Ultrasonic Nebulizer', NULL, NULL, 'UN01', NULL, '1500', 'unit', 'ULTRA MIST', 'KEMENKES RI AKD 20403710663', NULL, NULL, '2021-02-17 00:49:18', '2021-02-17 00:49:18'),
(6, 1, 1, 'elitech', 'MOC-A', 'Oxygen Concentrator', NULL, NULL, 'OC01', NULL, '16550', 'unit', 'MOC-A', 'KEMENKES RI AKD 20403510582', NULL, NULL, '2021-02-17 00:52:30', '2021-02-17 00:52:30'),
(7, 1, 2, 'elitech', 'FOX-BABY', 'Pulse Oximeter', NULL, NULL, 'FX04', NULL, '31', 'unit', 'FOX-BABY', 'KEMENKES RI AKD 20502318005', NULL, NULL, '2021-02-17 01:01:37', '2021-02-17 01:01:37'),
(8, 1, 2, 'elitech', 'FOX-3', 'Pulse Oximeter', NULL, NULL, 'FX06', NULL, '40', 'unit', 'FOX-3', 'KEMENKES RI AKD 20502210101', NULL, NULL, '2021-02-17 01:05:31', '2021-02-17 01:05:31'),
(9, 1, 2, 'elitech', 'PM50', 'SPO2 Monitor', 5656, NULL, 'PM07', NULL, '350', 'unit', 'PM50', '5656', 'we', NULL, '2021-02-17 01:08:00', '2021-04-05 23:24:52'),
(10, 1, 2, 'elitech', 'ABPM50', 'Ambulatory Blood Pressure Monitor', NULL, NULL, 'PM06', NULL, '350', 'unit', 'ABPM50', 'KEMENKES RI AKD 20501510581', NULL, NULL, '2021-02-17 01:12:41', '2021-02-17 01:12:41'),
(11, 1, 2, 'elitech', 'TENSIONE', 'Electrocardiograph', NULL, NULL, 'BP01', NULL, '350', 'unit', 'TENSIONE', 'KEMENKES RI AKD 20501318004', NULL, NULL, '2021-02-20 07:20:32', '2021-02-20 07:20:32'),
(12, 1, 2, 'elitech', 'ECG-300G', 'Electrocardiograph', NULL, NULL, 'EM02', NULL, '2250', 'unit', 'ECG-300G', 'KEMENKES RI AKD 21102900255', NULL, NULL, '2021-02-20 07:22:28', '2021-02-20 07:22:28'),
(13, 1, 2, 'elitech', 'ECG-1200G', 'Electrocardiograph', NULL, NULL, 'EM03', NULL, '3200', 'unit', 'ECG-1200G', 'KEMENKES RI AKD 20502310189', NULL, NULL, '2021-02-20 07:24:16', '2021-02-20 07:24:16'),
(14, 1, 2, 'elitech', 'PM-9000+', 'Patient Monitor', NULL, NULL, 'PM01', NULL, '3900', 'unit', 'PM-9000+', 'KEMENKES RI AKD 20903900075', NULL, NULL, '2021-02-20 07:26:16', '2021-02-20 07:26:16'),
(15, 1, 4, 'elitech', 'TS-5830', 'Dental Unit', NULL, NULL, 'DU01', NULL, '70', 'unit', 'TS-5830', 'KEMENKES RI AKD 10605900071', NULL, NULL, '2021-02-20 07:29:55', '2021-02-20 07:29:55'),
(16, 1, 4, 'elitech', 'TS-8830', 'Dental Unit', NULL, NULL, 'DU02', NULL, '0', 'unit', 'TS-8830', 'KEMENKES RI AKD 10605810069', NULL, NULL, '2021-02-20 07:31:24', '2021-02-20 07:31:24'),
(17, 1, 4, 'elitech', 'TOP-308', 'Dental Unit', NULL, NULL, 'DU03', NULL, '0', 'unit', 'TOP-308', 'KEMENKES RI AKD 10605900070', NULL, NULL, '2021-02-20 07:32:48', '2021-02-20 07:32:48'),
(18, 1, 5, 'elitech', 'END-1 (1 Fungsi)', 'Medical Destroyer', NULL, NULL, 'ND03', NULL, '2900', 'unit', 'END-1 (1 Fungsi)', 'KEMENKES RI AKD 20902210075', NULL, NULL, '2021-02-20 07:35:42', '2021-02-20 07:35:42'),
(19, 1, 6, 'elitech', 'BL-50B', 'Infant Phototherapy Unit', NULL, NULL, 'BL01', NULL, '0', 'unit', 'BL-50B', 'KEMENKES RI AKD 20903900073', NULL, NULL, '2021-02-20 07:38:01', '2021-02-20 07:38:01'),
(20, 1, 6, 'elitech', 'BN-100', 'Infant Warmer', NULL, NULL, 'BN01', NULL, '0', 'unit', 'BN-100', 'KEMENKES RI AKD 20903900074', NULL, NULL, '2021-02-20 07:40:39', '2021-02-20 07:40:39'),
(21, 1, 6, 'elitech', 'BB-200', 'Infant Incubator', NULL, NULL, 'BB01', NULL, '0', 'unit', 'BB-200', 'KEMENKES RI AKD 20903900076', NULL, NULL, '2021-02-20 07:42:39', '2021-02-20 07:42:39'),
(22, 1, 6, 'elitech', 'BT-100 (SMALL TROLLEY)', 'Infant Incubator Transport', NULL, NULL, 'BT01', NULL, '0', 'unit', 'BT-100 (SMALL TROLLEY)', 'KEMENKES RI AKD 20902710901', NULL, NULL, '2021-02-20 07:45:20', '2021-02-20 07:45:20'),
(23, 1, 7, 'elitech', 'MEL-02', 'Lampu Periksa LED', NULL, NULL, 'ML01', NULL, '5100', 'unit', 'MEL-02', 'KEMENKES RI AKD 10903710660', NULL, NULL, '2021-02-20 07:47:22', '2021-02-20 07:47:22'),
(24, 1, 7, 'elitech', 'MOL-01', 'Lampu Operasi LED', NULL, NULL, 'OL01', NULL, '60000', 'unit', 'MOL-01', 'KEMENKES RI AKD 21603710667', NULL, NULL, '2021-02-20 07:49:47', '2021-02-20 07:49:47'),
(25, 1, 7, 'elitech', 'MOL-02', 'Lampu Operasi LED', NULL, NULL, 'OL21', NULL, '45000', 'unit', 'MOL-02', 'KEMENKES RI AKD 21603710788', NULL, NULL, '2021-02-20 07:51:07', '2021-02-20 07:51:07'),
(26, 1, 9, 'elitech', 'SONOTRAX-B', 'Pocket Fetal Doppler', NULL, NULL, 'FD02', NULL, '225', 'unit', 'SONOTRAX-B', 'KEMENKES RI AKD 21102800003', NULL, NULL, '2021-02-20 07:54:23', '2021-02-20 07:54:23'),
(27, 1, 9, 'elitech', 'SONOTRAX-C', 'Pocket Fetal Doppler', NULL, NULL, 'FD07', NULL, '225', 'unit', 'SONOTRAX-C', 'KEMENKES RI AKD 21101710077', NULL, NULL, '2021-02-20 07:55:47', '2021-02-20 07:55:47'),
(28, 1, 9, 'elitech', 'SONOTRAX PRO2', 'Ultrasonic Table Doppler', NULL, NULL, 'FD05', NULL, '2000', 'unit', 'SONOTRAX PRO2', 'KEMENKES RI AKD 21101810461', NULL, NULL, '2021-02-20 07:58:46', '2021-02-20 07:58:46'),
(29, 1, 9, 'elitech', 'SONOTRAX MED-01', 'Fetal Monitor', NULL, NULL, 'SM01', NULL, '4200', 'unit', 'SONOTRAX MED-01', 'KEMENKES RI AKD 21101710857', NULL, NULL, '2021-02-20 08:00:53', '2021-02-20 08:00:53'),
(30, 1, 9, 'elitech', 'MATERNAL MED-02', 'Fetal Monitor', NULL, NULL, 'SM02', NULL, '6300', 'unit', 'MATERNAL MED-02', 'KEMENKES RI AKD 21101710864', NULL, NULL, '2021-02-20 08:02:31', '2021-02-20 08:02:31'),
(31, 1, 9, 'elitech', 'CMS-600 PLUS', 'B-Ultrasound Diagnostic System', NULL, NULL, 'TR05', NULL, '7100', 'unit', 'CMS-600 PLUS', 'KEMENKES RI AKD 21102900256', NULL, NULL, '2021-02-20 08:04:06', '2021-02-20 08:04:06'),
(32, 1, 9, 'elitech', 'PRA-ONE', 'Digital USG Monitor', NULL, NULL, 'US01', NULL, '6550', 'unit', 'PRA-ONE', 'KEMENKES RI AKD 21102410010', NULL, NULL, '2021-02-20 08:06:37', '2021-02-20 08:06:37'),
(33, 1, 9, 'elitech', 'PROMAX', '3D/4D Portable Color Doppler Ultrasound', NULL, NULL, 'US02', NULL, '12000', 'unit', 'PROMAX', 'KEMENKES RI AKD 21102410011', NULL, NULL, '2021-02-20 08:08:08', '2021-02-20 08:08:08'),
(34, 1, 10, 'elitech', 'MFV-01', 'X-Ray Film Viewer', NULL, NULL, 'MV01', NULL, '8000', 'unit', 'MFV-01', 'KEMENKES RI AKD 21501810001', NULL, NULL, '2021-02-20 08:10:24', '2021-02-20 08:10:24'),
(35, 1, 11, 'elitech', 'BABY ONE', 'Baby Scale', NULL, NULL, 'TD03', NULL, '12000', 'unit', 'BABY ONE', 'KEMENKES RI AKD 10901318002', NULL, NULL, '2021-02-20 08:12:05', '2021-02-20 08:12:05'),
(36, 1, 11, 'elitech', 'BABY DIGIT-ONE', 'Timbangan Bayi Mekanik', NULL, NULL, 'TM01', NULL, '25000', 'unit', 'BABY DIGIT-ONE', 'KEMENKES RI AKD 10901410295', NULL, NULL, '2021-02-20 08:13:55', '2021-02-20 08:13:55'),
(37, 1, 11, 'elitech', 'DIGIT-ONE BABY', 'Timbangan Bayi Digital', NULL, NULL, 'TD05', NULL, '22925', 'unit', 'DIGIT-ONE BABY', 'KEMENKES RI AKD 10901410291', NULL, NULL, '2021-02-20 08:15:38', '2021-02-20 08:15:38'),
(38, 1, 11, 'elitech', 'DIGIT-PRO', 'Patient Scale', NULL, NULL, 'TD02', NULL, '2300', 'unit', 'DIGIT-PRO', 'KEMENKES RI AKD 10901318001', NULL, NULL, '2021-02-20 08:18:05', '2021-02-20 08:18:05'),
(39, 1, 12, 'elitech', 'MED-S100', 'SPO2 Simulator', NULL, NULL, 'MS01', NULL, '4000', 'unit', 'MED-S100', 'KEMENKES RI AKD 20401710856', NULL, NULL, '2021-02-20 08:19:27', '2021-02-20 08:19:27'),
(40, 1, 12, 'elitech', 'MED-S200', 'NIBP Simulator', NULL, NULL, 'MS02', NULL, '4000', 'unit', 'MED-S200', 'KEMENKES RI AKD 20501710666', NULL, NULL, '2021-02-20 08:20:55', '2021-02-20 08:20:55'),
(41, 1, 12, 'elitech', 'MED-S400', 'Patient Simulator', NULL, NULL, 'MS04', NULL, '600', 'unit', 'MED-S400', 'KEMENKES RI AKD 20502710662', NULL, NULL, '2021-02-20 08:22:31', '2021-02-20 08:22:31'),
(42, 1, 13, 'elitech', 'GET 338 UO', 'Sterilisator Kering', NULL, NULL, 'LS07', NULL, '10000', 'unit', 'GET 338 UO', 'KEMENKES RI AKD 20903800291', NULL, NULL, '2021-02-20 08:26:54', '2021-02-20 08:26:54'),
(43, 1, 13, 'elitech', 'GET-80C', 'Sterilisator Kering', NULL, NULL, 'LS04', NULL, '19250', 'unit', 'GET-80C', 'KEMENKES RI AKD 20903800282', NULL, NULL, '2021-02-20 08:28:39', '2021-02-20 08:28:39'),
(44, 1, 13, 'elitech', 'GET-160', 'Sterilisator Kering', NULL, NULL, 'LS11', NULL, '56000', 'unit', 'GET-160', 'KEMENKES RI AKD 20903800287', NULL, NULL, '2021-02-20 08:30:59', '2021-02-20 08:30:59'),
(45, 1, 13, 'elitech', 'ZTP80AS Upgrade', 'Medical Sterilizer', NULL, NULL, 'LS03', NULL, '14000', 'unit', 'ZTP80AS Upgrade', 'KEMENKES RI AKD 20903700359', NULL, NULL, '2021-02-20 08:33:20', '2021-02-20 08:33:20'),
(46, 1, 13, 'elitech', 'ZTP-300', 'Sterilisator Kering', NULL, NULL, 'LS12', NULL, '50900', 'unit', 'ZTP-300', 'KEMENKES RI AKD 20903800288', NULL, NULL, '2021-02-20 08:34:40', '2021-02-20 08:34:40'),
(47, 1, 14, 'elitech', 'ROLL PAPER FOR ECG-300G', 'Kertas ECG / Roll Paper', NULL, NULL, 'RL01', NULL, '100', 'pack', 'ROLL PAPER FOR ECG-300G', 'KEMENKES RI AKD 21102900255', NULL, NULL, '2021-02-20 08:37:37', '2021-02-20 08:37:37'),
(48, 1, 14, 'elitech', 'ROLL PAPER FOR ECG-1200G', 'Kertas ECG / Roll Paper', NULL, NULL, 'RL02', NULL, '100', 'unit', 'ROLL PAPER FOR ECG-1200G', 'KEMENKES RI AKD 20502310189', NULL, NULL, '2021-02-20 08:40:38', '2021-02-20 08:40:38'),
(49, 1, 1, 'elitech', 'DP1', 'Ultrasonic Pocket Doppler', NULL, NULL, 'FD06', NULL, '200', 'unit', 'DP1', 'KEMENKES RI AKD 21101810460', NULL, NULL, '2021-02-25 02:51:47', '2021-02-25 07:56:38'),
(50, 1, 1, 'elitech', 'PM PRO-2', 'Patient Monitor', NULL, NULL, 'PM09', NULL, '5000', 'unit', 'PM PRO-2', 'KEMENKES RI AKD 20502810356', NULL, NULL, '2021-02-25 07:41:39', '2021-03-09 01:17:45'),
(51, 1, 14, 'elitech', 'USG PROMAX Trolley', 'Trolley for Medical Equipment', NULL, 'TRUSGPRO', 'TR02', NULL, '5000', 'unit', 'USG PROMAX Trolley', '-', NULL, NULL, '2021-02-25 08:10:13', '2021-03-09 07:41:57'),
(53, NULL, NULL, 'mentor', 'Pensil', 'RAEE', 54000, NULL, NULL, NULL, NULL, 'unit', NULL, NULL, 'fsdfsdf', NULL, '2021-04-05 21:25:32', '2021-04-05 21:25:32'),
(54, NULL, NULL, 'vanward', 'Pensil 2B', 'Pensil 2B Kayu', 45500, NULL, NULL, NULL, NULL, 'set', NULL, NULL, NULL, NULL, '2021-04-05 21:29:43', '2021-04-05 21:29:43');

-- --------------------------------------------------------

--
-- Table structure for table `stok_produks`
--

CREATE TABLE `stok_produks` (
  `id` bigint(20) UNSIGNED NOT NULL,
  `produk_id` bigint(20) UNSIGNED DEFAULT NULL,
  `kode` varchar(50) COLLATE utf8mb4_unicode_ci DEFAULT NULL,
  `stok_tersedia` int(11) DEFAULT NULL,
  `stok_tidak_tersedia` int(11) DEFAULT NULL,
  `keterangan` text COLLATE utf8mb4_unicode_ci DEFAULT NULL,
  `created_at` timestamp NULL DEFAULT NULL,
  `updated_at` timestamp NULL DEFAULT NULL
) ENGINE=InnoDB DEFAULT CHARSET=utf8mb4 COLLATE=utf8mb4_unicode_ci;

-- --------------------------------------------------------

--
-- Table structure for table `suppliers`
--

CREATE TABLE `suppliers` (
  `id` int(10) UNSIGNED NOT NULL,
  `klasifikasi` varchar(255) COLLATE utf8mb4_unicode_ci NOT NULL,
  `kode` char(255) COLLATE utf8mb4_unicode_ci NOT NULL,
  `nama` text COLLATE utf8mb4_unicode_ci NOT NULL,
  `mata_uang` char(255) COLLATE utf8mb4_unicode_ci DEFAULT NULL,
  `pic` text COLLATE utf8mb4_unicode_ci DEFAULT NULL,
  `telepon` char(255) COLLATE utf8mb4_unicode_ci DEFAULT NULL,
  `fax` char(255) COLLATE utf8mb4_unicode_ci DEFAULT NULL,
  `email` char(255) COLLATE utf8mb4_unicode_ci DEFAULT NULL,
  `npwp` char(255) COLLATE utf8mb4_unicode_ci DEFAULT NULL,
  `nppkp` char(255) COLLATE utf8mb4_unicode_ci DEFAULT NULL,
  `pajak_pertama` char(255) COLLATE utf8mb4_unicode_ci DEFAULT NULL,
  `alamat_pertama` char(255) COLLATE utf8mb4_unicode_ci DEFAULT NULL,
  `alamat_kedua` char(255) COLLATE utf8mb4_unicode_ci DEFAULT NULL,
  `alamat_pajak_pertama` char(255) COLLATE utf8mb4_unicode_ci DEFAULT NULL,
  `alamat_pajak_kedua` char(255) COLLATE utf8mb4_unicode_ci DEFAULT NULL,
  `created_at` timestamp NULL DEFAULT NULL,
  `updated_at` timestamp NULL DEFAULT NULL
) ENGINE=InnoDB DEFAULT CHARSET=utf8mb4 COLLATE=utf8mb4_unicode_ci;

-- --------------------------------------------------------

--
-- Table structure for table `users`
--

CREATE TABLE `users` (
  `id` bigint(20) UNSIGNED NOT NULL,
  `divisi_id` bigint(20) UNSIGNED NOT NULL,
  `nama` varchar(255) COLLATE utf8mb4_unicode_ci NOT NULL,
  `username` varchar(191) COLLATE utf8mb4_unicode_ci NOT NULL,
  `email` varchar(191) COLLATE utf8mb4_unicode_ci NOT NULL,
  `password` varchar(255) COLLATE utf8mb4_unicode_ci NOT NULL,
  `foto` text COLLATE utf8mb4_unicode_ci DEFAULT NULL,
  `status` enum('online','offline') COLLATE utf8mb4_unicode_ci NOT NULL,
  `remember_token` varchar(100) COLLATE utf8mb4_unicode_ci DEFAULT NULL,
  `created_at` timestamp NULL DEFAULT NULL,
  `updated_at` timestamp NULL DEFAULT NULL
) ENGINE=InnoDB DEFAULT CHARSET=utf8mb4 COLLATE=utf8mb4_unicode_ci;

--
-- Dumping data for table `users`
--

INSERT INTO `users` (`id`, `divisi_id`, `nama`, `username`, `email`, `password`, `foto`, `status`, `remember_token`, `created_at`, `updated_at`) VALUES
(1, 14, 'Dela', 'delait04', 'dela@gmail.com', '$2y$10$iAoWIipcduQIPvYIYxVEs.wDxAMV3dJt.hTh2znjdBtDhY5tWKclO', '', 'offline', NULL, '2021-02-15 23:25:09', '2021-02-15 23:25:09'),
(2, 17, 'Uci Puspita', 'uciprd02', 'uci@gmail.com', '$2y$10$8ge5gLaiS5mKF5Lz6DwhsOUVFMm19ZvW4B0eVAArADBrnSOaGH402', 'Uci Puspita Sari.jpg', 'offline', NULL, '2021-02-15 23:28:06', '2021-02-15 23:28:06'),
(3, 24, 'Farah Diska B', 'farahppic01', 'farah@gmail.com', '$2y$10$p1pBKg1kGFn88H8YwvKPDe7De/RQP4C/szz6tWYcXzZEW4pUm5jMu', NULL, 'offline', NULL, '2021-02-15 23:30:16', '2021-02-15 23:30:16'),
(5, 7, 'Muzdalifah', 'ifaadm05', 'ifa@gmail.com', '$2y$10$97vPP5Zm7sXD0S5BmVxqC.DK/Tzv3/dlZN7V9PF1AactBbNOMompe', NULL, 'online', NULL, '2021-02-24 23:53:37', '2021-02-24 23:53:37'),
(6, 1, 'Ari Wijaya', 'ari_wijaya82', 'ariwijaya.its@gmail.com', '$2y$10$SFitjt0T0Al2UZlq6dslUOP/jZs/E.ZliliZxsmHp8KHtWfgYtar.', NULL, 'online', NULL, '2021-02-25 01:55:17', '2021-02-25 01:55:17'),
(7, 23, 'Septian Achmad S', 'septianqc01', 'septian@gmail.com', '$2y$10$Aut6kCa8dvxbC80bMgJ7GujPhcXW0F0I6/Xrxgg6/78h.84QOVhCm', NULL, 'offline', NULL, '2021-03-02 08:50:35', '2021-03-02 08:50:35'),
(8, 26, 'Nora Novitasari', 'norapenj01', 'nora@gmail.com', '$2y$10$Q9osQ1rCEGIDYasUz6e0s.7IH7AY55bLF361/ZhsdMGYv4wkwwXWa', NULL, 'offline', NULL, '2021-03-17 04:43:06', '2021-03-17 04:43:06'),
(9, 14, 'Wisnu', 'wisnuit03', 'wisnu@gmail.com', '$2y$10$xXSO6ak0QmYLTpIo1IDoq.fROzQu9WhdAEjG80Ki3jHk83POopxz2', NULL, 'offline', NULL, '2021-03-30 04:09:40', '2021-03-30 04:09:40');

-- --------------------------------------------------------

--
-- Table structure for table `user_logs`
--

CREATE TABLE `user_logs` (
  `id` bigint(20) UNSIGNED NOT NULL,
  `user_id` bigint(20) UNSIGNED NOT NULL,
  `aksi_id` varchar(255) COLLATE utf8mb4_unicode_ci DEFAULT NULL,
  `tabel_aksi` varchar(255) COLLATE utf8mb4_unicode_ci DEFAULT NULL,
  `aksi` varchar(200) COLLATE utf8mb4_unicode_ci NOT NULL,
  `keterangan` text COLLATE utf8mb4_unicode_ci DEFAULT NULL,
  `created_at` timestamp NULL DEFAULT NULL,
  `updated_at` timestamp NULL DEFAULT NULL
) ENGINE=InnoDB DEFAULT CHARSET=utf8mb4 COLLATE=utf8mb4_unicode_ci;

--
-- Dumping data for table `user_logs`
--

INSERT INTO `user_logs` (`id`, `user_id`, `aksi_id`, `tabel_aksi`, `aksi`, `keterangan`, `created_at`, `updated_at`) VALUES
(1, 2, '17', 'Perakitan BPPB 0004/CN01/02/21 tanggal 2021-02-26', 'Tambah', '', '2021-02-25 06:50:58', '2021-02-25 06:50:58'),
(2, 1, 'DP1', 'Produk', 'Ubah', '', '2021-02-25 07:56:38', '2021-02-25 07:56:38'),
(3, 1, '0001/PM06/02/21', 'BPPB', 'Hapus', 'salah_input', '2021-02-25 08:28:09', '2021-02-25 08:28:09'),
(4, 1, 'SP-10', 'Produk', 'Hapus', 'salah_input', '2021-02-25 08:33:46', '2021-02-25 08:33:46'),
(5, 2, 'Perakitan 0001/CN01/02/21', 'Perakitan', 'Hapus', 'revisi', '2021-02-25 09:54:49', '2021-02-25 09:54:49'),
(6, 2, 'Perakitan 0001/CN01/02/21', 'Perakitan', 'Hapus', 'salah_input', '2021-02-25 09:55:40', '2021-02-25 09:55:40'),
(7, 2, 'Hasil Perakitan TN01', 'Hasil Perakitan', 'Hapus', 'revisi', '2021-02-26 01:20:16', '2021-02-26 01:20:16'),
(8, 2, 'Perakitan 0006/CN01/02/21', 'Perakitan', 'Hapus', 'pembatalan', '2021-02-26 01:23:12', '2021-02-26 01:23:12'),
(9, 2, '25', 'Perakitan BPPB 0008/CN01/02/21 tanggal 2021-02-26', 'Tambah', '', '2021-02-26 07:54:53', '2021-02-26 07:54:53'),
(10, 2, 'Perakitan 0004/CN01/02/21', 'Perakitan', 'Hapus', 'revisi', '2021-03-03 01:50:01', '2021-03-03 01:50:01'),
(11, 2, 'Perakitan 0004/CN01/02/21', 'Perakitan', 'Hapus', 'revisi', '2021-03-03 01:50:10', '2021-03-03 01:50:10'),
(12, 2, 'Perakitan 0004/CN01/02/21', 'Perakitan', 'Hapus', 'revisi', '2021-03-03 01:50:17', '2021-03-03 01:50:17'),
(13, 2, 'Perakitan 0004/CN01/02/21', 'Perakitan', 'Hapus', 'revisi', '2021-03-03 01:50:23', '2021-03-03 01:50:23'),
(14, 2, 'Perakitan 0004/CN01/02/21', 'Perakitan', 'Hapus', 'revisi', '2021-03-03 01:50:36', '2021-03-03 01:50:36'),
(15, 1, '0006/CN01/02/21', 'BPPB', 'Hapus', 'revisi', '2021-03-08 08:47:34', '2021-03-08 08:47:34'),
(16, 1, 'PM PRO-2', 'Produk', 'Ubah', '', '2021-03-09 01:17:45', '2021-03-09 01:17:45'),
(17, 1, 'yes', 'Produk', 'Tambah', '', '2021-03-09 04:05:34', '2021-03-09 04:05:34'),
(18, 1, 'yes', 'Produk', 'Hapus', 'salah_input', '2021-03-09 04:06:28', '2021-03-09 04:06:28'),
(19, 1, 'USG PROMAX Trolley', 'Produk', 'Ubah', '', '2021-03-09 04:16:35', '2021-03-09 04:16:35'),
(20, 3, 'USG PROMAX Trolley', 'Produk', 'Ubah', '', '2021-03-09 07:41:57', '2021-03-09 07:41:57'),
(21, 2, 'Hasil Perakitan TN04', 'Hasil Perakitan', 'Hapus', 'revisi', '2021-03-10 04:28:54', '2021-03-10 04:28:54'),
(22, 2, '7', 'Perakitan BPPB 0001/OC01/02/21 tanggal 2021-03-12', 'Tambah', '', '2021-03-12 04:26:26', '2021-03-12 04:26:26'),
(23, 2, '8', 'Perakitan BPPB 0001/OC01/02/21 tanggal 2021-03-12', 'Tambah', '', '2021-03-12 06:02:51', '2021-03-12 06:02:51'),
(24, 2, '10', 'Perakitan BPPB 0001/SP02/02/21 tanggal 2021-03-12', 'Tambah', '', '2021-03-12 06:15:21', '2021-03-12 06:15:21'),
(25, 2, '7', 'Perakitan BPPB 0001/OC01/02/21 tanggal 2021-03-12', 'Tambah', '', '2021-03-12 06:29:02', '2021-03-12 06:29:02'),
(26, 2, '9', 'Perakitan BPPB 0002/SP01/02/21 tanggal 2021-03-13', 'Tambah', '', '2021-03-12 07:37:04', '2021-03-12 07:37:04'),
(27, 2, 'Perakitan ', 'Perakitan', 'Hapus', 'salah_input', '2021-03-12 07:38:47', '2021-03-12 07:38:47'),
(28, 2, 'Perakitan ', 'Perakitan', 'Hapus', 'revisi', '2021-03-12 07:40:48', '2021-03-12 07:40:48'),
(29, 2, 'Perakitan ', 'Perakitan', 'Hapus', 'revisi', '2021-03-12 08:15:08', '2021-03-12 08:15:08'),
(30, 2, 'Perakitan ', 'Perakitan', 'Hapus', 'revisi', '2021-03-12 08:15:28', '2021-03-12 08:15:28'),
(31, 2, '17', 'Perakitan BPPB 0004/CN01/02/21 tanggal 2021-03-15', 'Tambah', '', '2021-03-15 01:46:24', '2021-03-15 01:46:24'),
(32, 1, 'INV14030001 Kursi Merah', 'Inventory', 'Hapus', 'salah_input', '2021-03-23 08:30:40', '2021-03-23 08:30:40'),
(33, 1, 'Peminjaman oleh Dela ke Inventory milik IT untuk barang Kursi Bulat, tanggal 2021-03-31', 'Detail Peminjaman', 'Hapus', 'revisi', '2021-03-31 09:10:13', '2021-03-31 09:10:13'),
(34, 1, 'Perbaikan Jaringan tanggal2021-04-08, dengan Penanggung Jawab Bartolomeus Wisnu Setyo Wibowo Sunadi', 'Peminjaman Karyawan', 'Hapus', 'salah_input', '2021-04-08 18:50:25', '2021-04-08 18:50:25');

--
-- Indexes for dumped tables
--

--
-- Indexes for table `bill_of_materials`
--
ALTER TABLE `bill_of_materials`
  ADD KEY `bill_of_materials_produk_id_foreign` (`produk_id`);

--
-- Indexes for table `bppbs`
--
ALTER TABLE `bppbs`
  ADD PRIMARY KEY (`id`),
  ADD KEY `bppbs_produk_id_foreign` (`produk_id`),
  ADD KEY `bppbs_divisi_id_foreign` (`divisi_id`);

--
-- Indexes for table `data_stok_produks`
--
ALTER TABLE `data_stok_produks`
  ADD PRIMARY KEY (`id`),
  ADD KEY `data_stok_produks_stok_produk_id_foreign` (`stok_produk_id`);

--
-- Indexes for table `detail_ecommerces`
--
ALTER TABLE `detail_ecommerces`
  ADD PRIMARY KEY (`id`);

--
-- Indexes for table `detail_ekatjuals`
--
ALTER TABLE `detail_ekatjuals`
  ADD PRIMARY KEY (`id`);

--
-- Indexes for table `detail_inventories`
--
ALTER TABLE `detail_inventories`
  ADD PRIMARY KEY (`id`),
  ADD KEY `detail_inventories_inventory_id_foreign` (`inventory_id`);

--
-- Indexes for table `detail_offlines`
--
ALTER TABLE `detail_offlines`
  ADD PRIMARY KEY (`id`);

--
-- Indexes for table `detail_paket_produks`
--
ALTER TABLE `detail_paket_produks`
  ADD PRIMARY KEY (`id`),
  ADD KEY `detail_paket_produks_produk_id_foreign` (`produk_id`),
  ADD KEY `detail_paket_produks_paket_produk_id_foreign` (`paket_produk_id`);

--
-- Indexes for table `detail_peminjaman_karyawans`
--
ALTER TABLE `detail_peminjaman_karyawans`
  ADD PRIMARY KEY (`id`),
  ADD KEY `detail_peminjaman_karyawans_peminjaman_karyawan_id_foreign` (`peminjaman_karyawan_id`),
  ADD KEY `detail_peminjaman_karyawans_karyawan_id_foreign` (`karyawan_id`);

--
-- Indexes for table `distributors`
--
ALTER TABLE `distributors`
  ADD PRIMARY KEY (`id`);

--
-- Indexes for table `divisis`
--
ALTER TABLE `divisis`
  ADD PRIMARY KEY (`id`);

--
-- Indexes for table `divisi_inventories`
--
ALTER TABLE `divisi_inventories`
  ADD PRIMARY KEY (`id`),
  ADD KEY `divisi_inventories_divisi_id_foreign` (`divisi_id`),
  ADD KEY `divisi_inventories_pic_id_foreign` (`pic_id`);

--
-- Indexes for table `ecommerces`
--
ALTER TABLE `ecommerces`
  ADD PRIMARY KEY (`id`);

--
-- Indexes for table `ekatjuals`
--
ALTER TABLE `ekatjuals`
  ADD PRIMARY KEY (`id`);

--
-- Indexes for table `hasil_pemeriksaan_rakits`
--
ALTER TABLE `hasil_pemeriksaan_rakits`
  ADD PRIMARY KEY (`id`),
  ADD KEY `hasil_pemeriksaan_rakits_pemeriksaan_rakit_id_foreign` (`pemeriksaan_rakit_id`),
  ADD KEY `hasil_pemeriksaan_rakits_hasil_perakitan_id_foreign` (`hasil_perakitan_id`);

--
-- Indexes for table `hasil_perakitans`
--
ALTER TABLE `hasil_perakitans`
  ADD PRIMARY KEY (`id`),
  ADD UNIQUE KEY `hasil_perakitans_no_seri_unique` (`no_seri`),
  ADD KEY `hasil_perakitans_perakitan_id_foreign` (`perakitan_id`);

--
-- Indexes for table `hasil_perakitan_karyawans`
--
ALTER TABLE `hasil_perakitan_karyawans`
  ADD KEY `hasil_perakitan_karyawans_hasil_perakitan_id_foreign` (`hasil_perakitan_id`),
  ADD KEY `hasil_perakitan_karyawans_karyawan_id_foreign` (`karyawan_id`);

--
-- Indexes for table `inventories`
--
ALTER TABLE `inventories`
  ADD PRIMARY KEY (`id`),
  ADD KEY `inventories_divisi_inventory_id_foreign` (`divisi_inventory_id`);

--
-- Indexes for table `jasa_ekss`
--
ALTER TABLE `jasa_ekss`
  ADD PRIMARY KEY (`id`);

--
-- Indexes for table `karyawans`
--
ALTER TABLE `karyawans`
  ADD PRIMARY KEY (`id`),
  ADD KEY `karyawans_divisi_id_foreign` (`divisi_id`);

--
-- Indexes for table `kategori_produks`
--
ALTER TABLE `kategori_produks`
  ADD PRIMARY KEY (`id`),
  ADD KEY `sub_kategoris_kategori_id_foreign` (`kelompok_produk_id`);

--
-- Indexes for table `kelompok_produks`
--
ALTER TABLE `kelompok_produks`
  ADD PRIMARY KEY (`id`);

--
-- Indexes for table `migrations`
--
ALTER TABLE `migrations`
  ADD PRIMARY KEY (`id`);

--
-- Indexes for table `notifications`
--
ALTER TABLE `notifications`
  ADD PRIMARY KEY (`id`),
  ADD KEY `notifications_notifiable_type_notifiable_id_index` (`notifiable_type`,`notifiable_id`);

--
-- Indexes for table `notifikasis`
--
ALTER TABLE `notifikasis`
  ADD PRIMARY KEY (`id`),
  ADD KEY `notifikasis_pengirim_id_foreign` (`pengirim_id`),
  ADD KEY `notifikasis_penerima_id_foreign` (`penerima_id`);

--
-- Indexes for table `offlines`
--
ALTER TABLE `offlines`
  ADD PRIMARY KEY (`id`);

--
-- Indexes for table `paket_produks`
--
ALTER TABLE `paket_produks`
  ADD PRIMARY KEY (`id`);

--
-- Indexes for table `parts`
--
ALTER TABLE `parts`
  ADD UNIQUE KEY `part_id` (`part_id`);

--
-- Indexes for table `password_resets`
--
ALTER TABLE `password_resets`
  ADD KEY `password_resets_email_index` (`email`);

--
-- Indexes for table `pemeriksaan_rakits`
--
ALTER TABLE `pemeriksaan_rakits`
  ADD PRIMARY KEY (`id`),
  ADD KEY `pemeriksaan_rakits_perakitan_id_foreign` (`perakitan_id`);

--
-- Indexes for table `peminjaman_alats`
--
ALTER TABLE `peminjaman_alats`
  ADD PRIMARY KEY (`id`),
  ADD KEY `peminjamans_peminjam_id_foreign` (`peminjam_id`),
  ADD KEY `peminjamans_divisi_inventory_id_foreign` (`divisi_inventory_id`),
  ADD KEY `peminjamans_inventory_id_foreign` (`inventory_id`);

--
-- Indexes for table `peminjaman_karyawans`
--
ALTER TABLE `peminjaman_karyawans`
  ADD PRIMARY KEY (`id`),
  ADD KEY `peminjaman_karyawans_penanggung_jawab_id_foreign` (`penanggung_jawab_id`),
  ADD KEY `peminjaman_karyawans_user_id_foreign` (`user_id`);

--
-- Indexes for table `perakitans`
--
ALTER TABLE `perakitans`
  ADD PRIMARY KEY (`id`),
  ADD KEY `perakitans_bppb_id_foreign` (`bppb_id`),
  ADD KEY `perakitans_pic_id_foreign` (`pic_id`);

--
-- Indexes for table `produks`
--
ALTER TABLE `produks`
  ADD PRIMARY KEY (`id`),
  ADD KEY `produks_sub_kategori_id_foreign` (`kategori_id`),
  ADD KEY `produks_kategori_id_foreign` (`kelompok_produk_id`);

--
-- Indexes for table `stok_produks`
--
ALTER TABLE `stok_produks`
  ADD PRIMARY KEY (`id`),
  ADD KEY `stok_produks_produk_id_foreign` (`produk_id`);

--
-- Indexes for table `suppliers`
--
ALTER TABLE `suppliers`
  ADD PRIMARY KEY (`id`),
  ADD UNIQUE KEY `suppliers_kode_unique` (`kode`),
  ADD UNIQUE KEY `suppliers_telepon_unique` (`telepon`),
  ADD UNIQUE KEY `suppliers_fax_unique` (`fax`),
  ADD UNIQUE KEY `suppliers_nama_unique` (`nama`) USING HASH;

--
-- Indexes for table `users`
--
ALTER TABLE `users`
  ADD PRIMARY KEY (`id`),
  ADD UNIQUE KEY `users_username_unique` (`username`),
  ADD UNIQUE KEY `users_email_unique` (`email`),
  ADD KEY `users_divisi_id_foreign` (`divisi_id`);

--
-- Indexes for table `user_logs`
--
ALTER TABLE `user_logs`
  ADD PRIMARY KEY (`id`),
  ADD KEY `user_logs_user_id_foreign` (`user_id`);

--
-- AUTO_INCREMENT for dumped tables
--

--
-- AUTO_INCREMENT for table `bppbs`
--
ALTER TABLE `bppbs`
  MODIFY `id` bigint(20) UNSIGNED NOT NULL AUTO_INCREMENT, AUTO_INCREMENT=28;

--
-- AUTO_INCREMENT for table `data_stok_produks`
--
ALTER TABLE `data_stok_produks`
  MODIFY `id` bigint(20) UNSIGNED NOT NULL AUTO_INCREMENT;

--
-- AUTO_INCREMENT for table `detail_ecommerces`
--
ALTER TABLE `detail_ecommerces`
  MODIFY `id` bigint(20) UNSIGNED NOT NULL AUTO_INCREMENT, AUTO_INCREMENT=25;

--
-- AUTO_INCREMENT for table `detail_ekatjuals`
--
ALTER TABLE `detail_ekatjuals`
  MODIFY `id` bigint(20) UNSIGNED NOT NULL AUTO_INCREMENT, AUTO_INCREMENT=32;

--
-- AUTO_INCREMENT for table `detail_inventories`
--
ALTER TABLE `detail_inventories`
  MODIFY `id` bigint(20) UNSIGNED NOT NULL AUTO_INCREMENT;

--
-- AUTO_INCREMENT for table `detail_offlines`
--
ALTER TABLE `detail_offlines`
  MODIFY `id` bigint(20) UNSIGNED NOT NULL AUTO_INCREMENT, AUTO_INCREMENT=5;

--
-- AUTO_INCREMENT for table `detail_paket_produks`
--
ALTER TABLE `detail_paket_produks`
  MODIFY `id` bigint(20) UNSIGNED NOT NULL AUTO_INCREMENT, AUTO_INCREMENT=5;

--
-- AUTO_INCREMENT for table `detail_peminjaman_karyawans`
--
ALTER TABLE `detail_peminjaman_karyawans`
  MODIFY `id` bigint(20) UNSIGNED NOT NULL AUTO_INCREMENT, AUTO_INCREMENT=15;

--
-- AUTO_INCREMENT for table `distributors`
--
ALTER TABLE `distributors`
  MODIFY `id` int(10) UNSIGNED NOT NULL AUTO_INCREMENT, AUTO_INCREMENT=142;

--
-- AUTO_INCREMENT for table `divisis`
--
ALTER TABLE `divisis`
  MODIFY `id` bigint(20) UNSIGNED NOT NULL AUTO_INCREMENT, AUTO_INCREMENT=28;

--
-- AUTO_INCREMENT for table `divisi_inventories`
--
ALTER TABLE `divisi_inventories`
  MODIFY `id` bigint(20) UNSIGNED NOT NULL AUTO_INCREMENT, AUTO_INCREMENT=5;

--
-- AUTO_INCREMENT for table `ecommerces`
--
ALTER TABLE `ecommerces`
  MODIFY `id` bigint(20) UNSIGNED NOT NULL AUTO_INCREMENT, AUTO_INCREMENT=27;

--
-- AUTO_INCREMENT for table `ekatjuals`
--
ALTER TABLE `ekatjuals`
  MODIFY `id` bigint(20) UNSIGNED NOT NULL AUTO_INCREMENT, AUTO_INCREMENT=6;

--
-- AUTO_INCREMENT for table `hasil_pemeriksaan_rakits`
--
ALTER TABLE `hasil_pemeriksaan_rakits`
  MODIFY `id` bigint(20) UNSIGNED NOT NULL AUTO_INCREMENT;

--
-- AUTO_INCREMENT for table `hasil_perakitans`
--
ALTER TABLE `hasil_perakitans`
  MODIFY `id` bigint(20) UNSIGNED NOT NULL AUTO_INCREMENT, AUTO_INCREMENT=63;

--
-- AUTO_INCREMENT for table `inventories`
--
ALTER TABLE `inventories`
  MODIFY `id` bigint(20) UNSIGNED NOT NULL AUTO_INCREMENT, AUTO_INCREMENT=5;

--
-- AUTO_INCREMENT for table `jasa_ekss`
--
ALTER TABLE `jasa_ekss`
  MODIFY `id` bigint(20) UNSIGNED NOT NULL AUTO_INCREMENT, AUTO_INCREMENT=86;

--
-- AUTO_INCREMENT for table `karyawans`
--
ALTER TABLE `karyawans`
  MODIFY `id` bigint(20) UNSIGNED NOT NULL AUTO_INCREMENT, AUTO_INCREMENT=10;

--
-- AUTO_INCREMENT for table `kategori_produks`
--
ALTER TABLE `kategori_produks`
  MODIFY `id` bigint(20) UNSIGNED NOT NULL AUTO_INCREMENT, AUTO_INCREMENT=16;

--
-- AUTO_INCREMENT for table `kelompok_produks`
--
ALTER TABLE `kelompok_produks`
  MODIFY `id` bigint(20) UNSIGNED NOT NULL AUTO_INCREMENT, AUTO_INCREMENT=3;

--
-- AUTO_INCREMENT for table `migrations`
--
ALTER TABLE `migrations`
  MODIFY `id` int(10) UNSIGNED NOT NULL AUTO_INCREMENT, AUTO_INCREMENT=114;

--
-- AUTO_INCREMENT for table `notifikasis`
--
ALTER TABLE `notifikasis`
  MODIFY `id` bigint(20) UNSIGNED NOT NULL AUTO_INCREMENT, AUTO_INCREMENT=30;

--
-- AUTO_INCREMENT for table `offlines`
--
ALTER TABLE `offlines`
  MODIFY `id` bigint(20) UNSIGNED NOT NULL AUTO_INCREMENT, AUTO_INCREMENT=4;

--
-- AUTO_INCREMENT for table `paket_produks`
--
ALTER TABLE `paket_produks`
  MODIFY `id` bigint(20) UNSIGNED NOT NULL AUTO_INCREMENT, AUTO_INCREMENT=4;

--
-- AUTO_INCREMENT for table `pemeriksaan_rakits`
--
ALTER TABLE `pemeriksaan_rakits`
  MODIFY `id` bigint(20) UNSIGNED NOT NULL AUTO_INCREMENT;

--
-- AUTO_INCREMENT for table `peminjaman_alats`
--
ALTER TABLE `peminjaman_alats`
  MODIFY `id` bigint(20) UNSIGNED NOT NULL AUTO_INCREMENT, AUTO_INCREMENT=6;

--
-- AUTO_INCREMENT for table `peminjaman_karyawans`
--
ALTER TABLE `peminjaman_karyawans`
  MODIFY `id` bigint(20) UNSIGNED NOT NULL AUTO_INCREMENT, AUTO_INCREMENT=5;

--
-- AUTO_INCREMENT for table `perakitans`
--
ALTER TABLE `perakitans`
  MODIFY `id` bigint(20) UNSIGNED NOT NULL AUTO_INCREMENT, AUTO_INCREMENT=31;

--
-- AUTO_INCREMENT for table `produks`
--
ALTER TABLE `produks`
  MODIFY `id` bigint(20) UNSIGNED NOT NULL AUTO_INCREMENT, AUTO_INCREMENT=55;

--
-- AUTO_INCREMENT for table `stok_produks`
--
ALTER TABLE `stok_produks`
  MODIFY `id` bigint(20) UNSIGNED NOT NULL AUTO_INCREMENT;

--
-- AUTO_INCREMENT for table `suppliers`
--
ALTER TABLE `suppliers`
  MODIFY `id` int(10) UNSIGNED NOT NULL AUTO_INCREMENT, AUTO_INCREMENT=4;

--
-- AUTO_INCREMENT for table `users`
--
ALTER TABLE `users`
  MODIFY `id` bigint(20) UNSIGNED NOT NULL AUTO_INCREMENT, AUTO_INCREMENT=10;

--
-- AUTO_INCREMENT for table `user_logs`
--
ALTER TABLE `user_logs`
  MODIFY `id` bigint(20) UNSIGNED NOT NULL AUTO_INCREMENT, AUTO_INCREMENT=35;

--
-- Constraints for dumped tables
--

--
-- Constraints for table `bill_of_materials`
--
ALTER TABLE `bill_of_materials`
  ADD CONSTRAINT `bill_of_materials_produk_id_foreign` FOREIGN KEY (`produk_id`) REFERENCES `produks` (`id`) ON DELETE CASCADE;

--
-- Constraints for table `bppbs`
--
ALTER TABLE `bppbs`
  ADD CONSTRAINT `bppbs_divisi_id_foreign` FOREIGN KEY (`divisi_id`) REFERENCES `divisis` (`id`) ON DELETE CASCADE,
  ADD CONSTRAINT `bppbs_produk_id_foreign` FOREIGN KEY (`produk_id`) REFERENCES `produks` (`id`) ON DELETE CASCADE;

--
-- Constraints for table `data_stok_produks`
--
ALTER TABLE `data_stok_produks`
  ADD CONSTRAINT `data_stok_produks_stok_produk_id_foreign` FOREIGN KEY (`stok_produk_id`) REFERENCES `stok_produks` (`id`) ON DELETE SET NULL;

--
-- Constraints for table `detail_inventories`
--
ALTER TABLE `detail_inventories`
  ADD CONSTRAINT `detail_inventories_inventory_id_foreign` FOREIGN KEY (`inventory_id`) REFERENCES `inventories` (`id`) ON DELETE SET NULL;

--
-- Constraints for table `detail_paket_produks`
--
ALTER TABLE `detail_paket_produks`
  ADD CONSTRAINT `detail_paket_produks_paket_produk_id_foreign` FOREIGN KEY (`paket_produk_id`) REFERENCES `paket_produks` (`id`) ON DELETE CASCADE,
  ADD CONSTRAINT `detail_paket_produks_produk_id_foreign` FOREIGN KEY (`produk_id`) REFERENCES `produks` (`id`) ON DELETE CASCADE;

--
-- Constraints for table `detail_peminjaman_karyawans`
--
ALTER TABLE `detail_peminjaman_karyawans`
  ADD CONSTRAINT `detail_peminjaman_karyawans_karyawan_id_foreign` FOREIGN KEY (`karyawan_id`) REFERENCES `karyawans` (`id`) ON DELETE SET NULL,
  ADD CONSTRAINT `detail_peminjaman_karyawans_peminjaman_karyawan_id_foreign` FOREIGN KEY (`peminjaman_karyawan_id`) REFERENCES `peminjaman_karyawans` (`id`) ON DELETE SET NULL;

--
-- Constraints for table `divisi_inventories`
--
ALTER TABLE `divisi_inventories`
  ADD CONSTRAINT `divisi_inventories_divisi_id_foreign` FOREIGN KEY (`divisi_id`) REFERENCES `divisis` (`id`) ON DELETE SET NULL,
  ADD CONSTRAINT `divisi_inventories_pic_id_foreign` FOREIGN KEY (`pic_id`) REFERENCES `karyawans` (`id`) ON DELETE SET NULL;

--
-- Constraints for table `hasil_pemeriksaan_rakits`
--
ALTER TABLE `hasil_pemeriksaan_rakits`
  ADD CONSTRAINT `hasil_pemeriksaan_rakits_hasil_perakitan_id_foreign` FOREIGN KEY (`hasil_perakitan_id`) REFERENCES `hasil_perakitans` (`id`) ON DELETE SET NULL,
  ADD CONSTRAINT `hasil_pemeriksaan_rakits_pemeriksaan_rakit_id_foreign` FOREIGN KEY (`pemeriksaan_rakit_id`) REFERENCES `pemeriksaan_rakits` (`id`) ON DELETE SET NULL;

--
-- Constraints for table `hasil_perakitans`
--
ALTER TABLE `hasil_perakitans`
  ADD CONSTRAINT `hasil_perakitans_perakitan_id_foreign` FOREIGN KEY (`perakitan_id`) REFERENCES `perakitans` (`id`) ON DELETE CASCADE;

--
-- Constraints for table `hasil_perakitan_karyawans`
--
ALTER TABLE `hasil_perakitan_karyawans`
  ADD CONSTRAINT `hasil_perakitan_karyawans_hasil_perakitan_id_foreign` FOREIGN KEY (`hasil_perakitan_id`) REFERENCES `hasil_perakitans` (`id`) ON DELETE CASCADE,
  ADD CONSTRAINT `hasil_perakitan_karyawans_karyawan_id_foreign` FOREIGN KEY (`karyawan_id`) REFERENCES `karyawans` (`id`) ON DELETE CASCADE;

--
-- Constraints for table `inventories`
--
ALTER TABLE `inventories`
  ADD CONSTRAINT `inventories_divisi_inventory_id_foreign` FOREIGN KEY (`divisi_inventory_id`) REFERENCES `divisi_inventories` (`id`) ON DELETE SET NULL;

--
-- Constraints for table `karyawans`
--
ALTER TABLE `karyawans`
  ADD CONSTRAINT `karyawans_divisi_id_foreign` FOREIGN KEY (`divisi_id`) REFERENCES `divisis` (`id`) ON DELETE CASCADE;

--
-- Constraints for table `kategori_produks`
--
ALTER TABLE `kategori_produks`
  ADD CONSTRAINT `sub_kategoris_kategori_id_foreign` FOREIGN KEY (`kelompok_produk_id`) REFERENCES `kelompok_produks` (`id`) ON DELETE CASCADE;

--
-- Constraints for table `notifikasis`
--
ALTER TABLE `notifikasis`
  ADD CONSTRAINT `notifikasis_penerima_id_foreign` FOREIGN KEY (`penerima_id`) REFERENCES `users` (`id`) ON DELETE CASCADE,
  ADD CONSTRAINT `notifikasis_pengirim_id_foreign` FOREIGN KEY (`pengirim_id`) REFERENCES `users` (`id`) ON DELETE CASCADE;

--
-- Constraints for table `pemeriksaan_rakits`
--
ALTER TABLE `pemeriksaan_rakits`
  ADD CONSTRAINT `pemeriksaan_rakits_perakitan_id_foreign` FOREIGN KEY (`perakitan_id`) REFERENCES `perakitans` (`id`) ON DELETE SET NULL;

--
-- Constraints for table `peminjaman_alats`
--
ALTER TABLE `peminjaman_alats`
  ADD CONSTRAINT `peminjamans_divisi_inventory_id_foreign` FOREIGN KEY (`divisi_inventory_id`) REFERENCES `divisi_inventories` (`id`) ON DELETE SET NULL,
  ADD CONSTRAINT `peminjamans_inventory_id_foreign` FOREIGN KEY (`inventory_id`) REFERENCES `inventories` (`id`) ON DELETE SET NULL,
  ADD CONSTRAINT `peminjamans_peminjam_id_foreign` FOREIGN KEY (`peminjam_id`) REFERENCES `users` (`id`) ON DELETE SET NULL;

--
-- Constraints for table `peminjaman_karyawans`
--
ALTER TABLE `peminjaman_karyawans`
  ADD CONSTRAINT `peminjaman_karyawans_penanggung_jawab_id_foreign` FOREIGN KEY (`penanggung_jawab_id`) REFERENCES `karyawans` (`id`) ON DELETE SET NULL,
  ADD CONSTRAINT `peminjaman_karyawans_user_id_foreign` FOREIGN KEY (`user_id`) REFERENCES `users` (`id`) ON DELETE SET NULL;

--
-- Constraints for table `perakitans`
--
ALTER TABLE `perakitans`
  ADD CONSTRAINT `perakitans_bppb_id_foreign` FOREIGN KEY (`bppb_id`) REFERENCES `bppbs` (`id`) ON DELETE CASCADE,
  ADD CONSTRAINT `perakitans_pic_id_foreign` FOREIGN KEY (`pic_id`) REFERENCES `users` (`id`) ON DELETE CASCADE;

--
-- Constraints for table `produks`
--
ALTER TABLE `produks`
  ADD CONSTRAINT `produks_kategori_id_foreign` FOREIGN KEY (`kelompok_produk_id`) REFERENCES `kelompok_produks` (`id`) ON DELETE CASCADE,
  ADD CONSTRAINT `produks_sub_kategori_id_foreign` FOREIGN KEY (`kategori_id`) REFERENCES `kategori_produks` (`id`) ON DELETE CASCADE;

--
-- Constraints for table `stok_produks`
--
ALTER TABLE `stok_produks`
  ADD CONSTRAINT `stok_produks_produk_id_foreign` FOREIGN KEY (`produk_id`) REFERENCES `produks` (`id`) ON DELETE SET NULL;

--
-- Constraints for table `users`
--
ALTER TABLE `users`
  ADD CONSTRAINT `users_divisi_id_foreign` FOREIGN KEY (`divisi_id`) REFERENCES `divisis` (`id`) ON DELETE CASCADE;

--
-- Constraints for table `user_logs`
--
ALTER TABLE `user_logs`
  ADD CONSTRAINT `user_logs_user_id_foreign` FOREIGN KEY (`user_id`) REFERENCES `users` (`id`) ON DELETE CASCADE;
COMMIT;

/*!40101 SET CHARACTER_SET_CLIENT=@OLD_CHARACTER_SET_CLIENT */;
/*!40101 SET CHARACTER_SET_RESULTS=@OLD_CHARACTER_SET_RESULTS */;
/*!40101 SET COLLATION_CONNECTION=@OLD_COLLATION_CONNECTION */;
